,新增死亡,新增治愈,新增确诊,日期,省,省死亡,省治愈,省确诊
0,52.0,1986.0,401.0,2020-02-26,湖北省,2615.0,20957.0,65187.0
381,68.0,2223.0,499.0,2020-02-25,湖北省,2563.0,18971.0,64786.0
771,149.0,1405.0,203.0,2020-02-24,湖北省,2495.0,16748.0,64287.0
1185,96.0,1653.0,630.0,2020-02-23,湖北省,2346.0,15343.0,64084.0
1613,106.0,1809.0,792.0,2020-02-22,湖北省,2250.0,13690.0,63454.0
2022,115.0,1360.0,631.0,2020-02-21,湖北省,2144.0,11881.0,62662.0
2451,108.0,1185.0,349.0,2020-02-20,湖北省,2029.0,10521.0,62031.0
2874,132.0,1393.0,1693.0,2020-02-19,湖北省,1921.0,9336.0,61682.0
3301,93.0,1250.0,1807.0,2020-02-18,湖北省,1789.0,7943.0,59989.0
3729,100.0,1027.0,1933.0,2020-02-17,湖北省,1696.0,6693.0,58182.0
4154,139.0,845.0,1843.0,2020-02-16,湖北省,1596.0,5666.0,56249.0
4569,31.0,690.0,2420.0,2020-02-15,湖北省,1457.0,4821.0,54406.0
4995,116.0,672.0,3780.0,2020-02-14,湖北省,1426.0,4131.0,51986.0
5405,242.0,773.0,14840.0,2020-02-13,湖北省,1310.0,3459.0,48206.0
5832,94.0,376.0,1638.0,2020-02-12,湖北省,1068.0,2686.0,33366.0
6259,103.0,456.0,2097.0,2020-02-11,湖北省,974.0,2310.0,31728.0
6674,91.0,374.0,2531.0,2020-02-10,湖北省,871.0,1854.0,29631.0
7094,81.0,262.0,2147.0,2020-02-09,湖北省,780.0,1480.0,27100.0
7512,81.0,351.0,2841.0,2020-02-08,湖北省,699.0,1218.0,24953.0
7941,69.0,155.0,2447.0,2020-02-07,湖北省,618.0,867.0,22112.0
8362,70.0,175.0,2987.0,2020-02-06,湖北省,549.0,712.0,19665.0
8785,65.0,139.0,3156.0,2020-02-05,湖北省,479.0,537.0,16678.0
9188,64.0,98.0,2345.0,2020-02-04,湖北省,414.0,398.0,13522.0
9594,56.0,33.0,2103.0,2020-02-03,湖北省,350.0,300.0,11177.0
9999,45.0,99.0,1921.0,2020-02-02,湖北省,294.0,267.0,9074.0
10399,45.0,27.0,1347.0,2020-02-01,湖北省,249.0,168.0,7153.0
10794,42.0,51.0,903.0,2020-01-31,湖北省,204.0,141.0,5806.0
11204,37.0,3.0,1349.0,2020-01-30,湖北省,162.0,90.0,4903.0
11567,25.0,35.0,840.0,2020-01-29,湖北省,125.0,87.0,3554.0
11921,24.0,5.0,1291.0,2020-01-28,湖北省,100.0,52.0,2714.0
12267,24.0,5.0,365.0,2020-01-27,湖北省,76.0,47.0,1423.0
12585,13.0,10.0,328.0,2020-01-26,湖北省,52.0,42.0,1058.0
12845,15.0,1.0,181.0,2020-01-25,湖北省,39.0,32.0,730.0
13059,24.0,31.0,549.0,2020-01-24,湖北省,24.0,31.0,549.0
17,0.0,22.0,0.0,2020-02-26,山东省,6.0,377.0,756.0
398,1.0,12.0,1.0,2020-02-25,山东省,6.0,355.0,756.0
789,1.0,22.0,1.0,2020-02-24,山东省,5.0,343.0,755.0
1203,0.0,19.0,4.0,2020-02-23,山东省,4.0,321.0,754.0
1631,0.0,21.0,1.0,2020-02-22,山东省,4.0,302.0,750.0
2041,0.0,27.0,203.0,2020-02-21,山东省,4.0,281.0,749.0
2468,1.0,23.0,2.0,2020-02-20,山东省,4.0,254.0,546.0
2892,0.0,18.0,1.0,2020-02-19,山东省,3.0,231.0,544.0
3318,1.0,22.0,2.0,2020-02-18,山东省,3.0,213.0,543.0
3746,0.0,18.0,4.0,2020-02-17,山东省,2.0,191.0,541.0
4171,0.0,17.0,5.0,2020-02-16,山东省,2.0,173.0,537.0
4586,0.0,20.0,9.0,2020-02-15,山东省,2.0,156.0,532.0
5012,0.0,31.0,14.0,2020-02-14,山东省,2.0,136.0,523.0
5422,0.0,13.0,11.0,2020-02-13,山东省,2.0,105.0,509.0
5849,1.0,12.0,11.0,2020-02-12,山东省,2.0,92.0,498.0
6276,0.0,14.0,21.0,2020-02-11,山东省,1.0,80.0,487.0
6691,0.0,3.0,22.0,2020-02-10,山东省,1.0,66.0,466.0
7111,1.0,19.0,28.0,2020-02-09,山东省,1.0,63.0,444.0
7529,0.0,7.0,30.0,2020-02-08,山东省,0.0,44.0,416.0
7958,0.0,10.0,39.0,2020-02-07,山东省,0.0,37.0,386.0
8380,0.0,12.0,40.0,2020-02-06,山东省,0.0,27.0,347.0
8802,0.0,4.0,32.0,2020-02-05,山东省,0.0,15.0,307.0
9205,0.0,4.0,16.0,2020-02-04,山东省,0.0,11.0,275.0
9611,0.0,1.0,29.0,2020-02-03,山东省,0.0,7.0,259.0
10017,0.0,3.0,24.0,2020-02-02,山东省,0.0,6.0,230.0
10416,0.0,1.0,22.0,2020-02-01,山东省,0.0,3.0,206.0
10811,0.0,1.0,26.0,2020-01-31,山东省,0.0,2.0,184.0
11222,0.0,0.0,28.0,2020-01-30,山东省,0.0,1.0,158.0
11584,-1.0,1.0,35.0,2020-01-29,山东省,0.0,1.0,130.0
11938,1.0,-1.0,20.0,2020-01-28,山东省,1.0,0.0,95.0
12283,0.0,1.0,29.0,2020-01-27,山东省,0.0,1.0,75.0
12600,0.0,-1.0,19.0,2020-01-26,山东省,0.0,0.0,46.0
12859,0.0,1.0,12.0,2020-01-25,山东省,0.0,1.0,27.0
13067,0.0,0.0,15.0,2020-01-24,山东省,0.0,0.0,15.0
32,0.0,5.0,0.0,2020-02-26,海南省,5.0,129.0,168.0
413,0.0,8.0,0.0,2020-02-25,海南省,5.0,124.0,168.0
804,1.0,10.0,0.0,2020-02-24,海南省,5.0,116.0,168.0
1218,0.0,2.0,0.0,2020-02-23,海南省,4.0,106.0,168.0
1647,0.0,9.0,0.0,2020-02-22,海南省,4.0,104.0,168.0
2058,0.0,9.0,0.0,2020-02-21,海南省,4.0,95.0,168.0
2483,0.0,2.0,5.0,2020-02-20,海南省,4.0,86.0,168.0
2907,0.0,5.0,0.0,2020-02-19,海南省,4.0,84.0,163.0
3333,0.0,20.0,0.0,2020-02-18,海南省,4.0,79.0,163.0
3761,0.0,7.0,1.0,2020-02-17,海南省,4.0,59.0,163.0
4186,0.0,13.0,0.0,2020-02-16,海南省,4.0,52.0,162.0
4601,0.0,-4.0,3.0,2020-02-15,海南省,4.0,39.0,162.0
5027,0.0,9.0,2.0,2020-02-14,海南省,4.0,43.0,159.0
5437,1.0,7.0,0.0,2020-02-13,海南省,4.0,34.0,157.0
5864,0.0,7.0,13.0,2020-02-12,海南省,3.0,27.0,157.0
6291,0.0,1.0,6.0,2020-02-11,海南省,3.0,20.0,144.0
6706,0.0,0.0,7.0,2020-02-10,海南省,3.0,19.0,138.0
7126,1.0,5.0,7.0,2020-02-09,海南省,3.0,19.0,131.0
7544,0.0,4.0,7.0,2020-02-08,海南省,2.0,14.0,124.0
7973,1.0,2.0,11.0,2020-02-07,海南省,2.0,10.0,117.0
8395,0.0,2.0,15.0,2020-02-06,海南省,1.0,8.0,106.0
8817,0.0,1.0,11.0,2020-02-05,海南省,1.0,6.0,91.0
9220,0.0,1.0,8.0,2020-02-04,海南省,1.0,5.0,80.0
9626,0.0,0.0,8.0,2020-02-03,海南省,1.0,4.0,72.0
10033,-1.0,3.0,2.0,2020-02-02,海南省,1.0,4.0,64.0
10431,1.0,0.0,10.0,2020-02-01,海南省,2.0,1.0,62.0
10826,0.0,0.0,6.0,2020-01-31,海南省,1.0,1.0,52.0
11237,0.0,1.0,3.0,2020-01-30,海南省,1.0,1.0,46.0
11599,0.0,0.0,3.0,2020-01-29,海南省,1.0,0.0,43.0
11953,0.0,0.0,7.0,2020-01-28,海南省,1.0,0.0,40.0
12297,1.0,0.0,11.0,2020-01-27,海南省,1.0,0.0,33.0
12613,0.0,0.0,3.0,2020-01-26,海南省,0.0,0.0,22.0
12871,0.0,0.0,11.0,2020-01-25,海南省,0.0,0.0,19.0
13075,0.0,0.0,8.0,2020-01-24,海南省,0.0,0.0,8.0
48,0.0,5.0,0.0,2020-02-26,天津市,3.0,96.0,135.0
429,0.0,4.0,0.0,2020-02-25,天津市,3.0,91.0,135.0
820,0.0,6.0,0.0,2020-02-24,天津市,3.0,87.0,135.0
1234,0.0,16.0,0.0,2020-02-23,天津市,3.0,81.0,135.0
1663,0.0,3.0,3.0,2020-02-22,天津市,3.0,65.0,135.0
2073,0.0,3.0,1.0,2020-02-21,天津市,3.0,62.0,132.0
2498,0.0,5.0,1.0,2020-02-20,天津市,3.0,59.0,131.0
2922,0.0,6.0,2.0,2020-02-19,天津市,3.0,54.0,130.0
3349,0.0,2.0,3.0,2020-02-18,天津市,3.0,48.0,128.0
3777,0.0,1.0,1.0,2020-02-17,天津市,3.0,46.0,125.0
4202,0.0,8.0,2.0,2020-02-16,天津市,3.0,45.0,124.0
4616,0.0,6.0,2.0,2020-02-15,天津市,3.0,37.0,122.0
5042,0.0,10.0,3.0,2020-02-14,天津市,3.0,31.0,120.0
5452,1.0,10.0,5.0,2020-02-13,天津市,3.0,21.0,117.0
5880,0.0,1.0,7.0,2020-02-12,天津市,2.0,11.0,112.0
6306,1.0,2.0,10.0,2020-02-11,天津市,2.0,10.0,105.0
6721,0.0,4.0,5.0,2020-02-10,天津市,1.0,8.0,95.0
7142,0.0,0.0,2.0,2020-02-09,天津市,1.0,4.0,90.0
7560,0.0,2.0,7.0,2020-02-08,天津市,1.0,4.0,88.0
7989,0.0,0.0,3.0,2020-02-07,天津市,1.0,2.0,81.0
8411,0.0,0.0,9.0,2020-02-06,天津市,1.0,2.0,78.0
8833,1.0,0.0,2.0,2020-02-05,天津市,1.0,2.0,69.0
9234,0.0,1.0,7.0,2020-02-04,天津市,0.0,2.0,67.0
9640,0.0,0.0,12.0,2020-02-03,天津市,0.0,1.0,60.0
10046,0.0,1.0,7.0,2020-02-02,天津市,0.0,1.0,48.0
10450,0.0,0.0,9.0,2020-02-01,天津市,0.0,0.0,41.0
10845,0.0,0.0,1.0,2020-01-31,天津市,0.0,0.0,32.0
11247,0.0,0.0,4.0,2020-01-30,天津市,0.0,0.0,31.0
11609,0.0,0.0,3.0,2020-01-29,天津市,0.0,0.0,27.0
11963,0.0,0.0,2.0,2020-01-28,天津市,0.0,0.0,24.0
12304,0.0,0.0,8.0,2020-01-27,天津市,0.0,0.0,22.0
12620,0.0,0.0,14.0,2020-01-26,天津市,0.0,0.0,14.0
0,0.0,0.0,0.0,2020-01-25,天津市,0.0,0.0,0.0
0,0.0,0.0,0.0,2020-01-24,天津市,0.0,0.0,0.0
64,0.0,37.0,75.0,2020-02-26,内蒙古自治区,0.0,37.0,75.0
0,0.0,0.0,0.0,2020-02-25,内蒙古自治区,0.0,0.0,0.0
836,0.0,7.0,0.0,2020-02-24,内蒙古自治区,0.0,34.0,75.0
1250,0.0,4.0,0.0,2020-02-23,内蒙古自治区,0.0,27.0,75.0
1679,0.0,6.0,0.0,2020-02-22,内蒙古自治区,0.0,23.0,75.0
2089,0.0,1.0,0.0,2020-02-21,内蒙古自治区,0.0,17.0,75.0
2514,0.0,6.0,0.0,2020-02-20,内蒙古自治区,0.0,16.0,75.0
2938,0.0,2.0,2.0,2020-02-19,内蒙古自治区,0.0,10.0,75.0
3365,0.0,0.0,1.0,2020-02-18,内蒙古自治区,0.0,8.0,73.0
3793,0.0,0.0,2.0,2020-02-17,内蒙古自治区,0.0,8.0,72.0
4217,0.0,1.0,2.0,2020-02-16,内蒙古自治区,0.0,8.0,70.0
4632,0.0,1.0,3.0,2020-02-15,内蒙古自治区,0.0,7.0,68.0
5058,0.0,0.0,4.0,2020-02-14,内蒙古自治区,0.0,6.0,65.0
5468,0.0,0.0,1.0,2020-02-13,内蒙古自治区,0.0,6.0,61.0
5896,0.0,6.0,60.0,2020-02-12,内蒙古自治区,0.0,6.0,60.0
0,0.0,0.0,0.0,2020-02-11,内蒙古自治区,0.0,0.0,0.0
6736,0.0,0.0,4.0,2020-02-10,内蒙古自治区,0.0,5.0,58.0
7157,0.0,0.0,2.0,2020-02-09,内蒙古自治区,0.0,5.0,54.0
7576,0.0,0.0,2.0,2020-02-08,内蒙古自治区,0.0,5.0,52.0
8005,0.0,1.0,4.0,2020-02-07,内蒙古自治区,0.0,5.0,50.0
8426,0.0,1.0,4.0,2020-02-06,内蒙古自治区,0.0,4.0,46.0
8846,0.0,2.0,7.0,2020-02-05,内蒙古自治区,0.0,3.0,42.0
9247,0.0,0.0,1.0,2020-02-04,内蒙古自治区,0.0,1.0,35.0
9652,0.0,0.0,7.0,2020-02-03,内蒙古自治区,0.0,1.0,34.0
10058,0.0,0.0,4.0,2020-02-02,内蒙古自治区,0.0,1.0,27.0
10462,0.0,0.0,3.0,2020-02-01,内蒙古自治区,0.0,1.0,23.0
10855,0.0,1.0,2.0,2020-01-31,内蒙古自治区,0.0,1.0,20.0
11256,0.0,0.0,2.0,2020-01-30,内蒙古自治区,0.0,0.0,18.0
11619,0.0,0.0,1.0,2020-01-29,内蒙古自治区,0.0,0.0,16.0
11972,0.0,0.0,4.0,2020-01-28,内蒙古自治区,0.0,0.0,15.0
12313,0.0,0.0,4.0,2020-01-27,内蒙古自治区,0.0,0.0,11.0
12627,0.0,0.0,0.0,2020-01-26,内蒙古自治区,0.0,0.0,7.0
12877,0.0,0.0,5.0,2020-01-25,内蒙古自治区,0.0,0.0,7.0
13079,0.0,0.0,2.0,2020-01-24,内蒙古自治区,0.0,0.0,2.0
75,0.0,31.0,0.0,2020-02-26,河南省,19.0,1033.0,1271.0
445,0.0,59.0,0.0,2020-02-25,河南省,19.0,1002.0,1271.0
847,0.0,75.0,0.0,2020-02-24,河南省,19.0,943.0,1271.0
1261,0.0,38.0,1.0,2020-02-23,河南省,19.0,868.0,1271.0
1690,0.0,94.0,3.0,2020-02-22,河南省,19.0,830.0,1270.0
2100,0.0,90.0,2.0,2020-02-21,河南省,19.0,736.0,1267.0
2525,0.0,73.0,3.0,2020-02-20,河南省,19.0,646.0,1265.0
2949,0.0,51.0,5.0,2020-02-19,河南省,19.0,573.0,1262.0
3376,2.0,13.0,11.0,2020-02-18,河南省,19.0,522.0,1257.0
3804,4.0,69.0,15.0,2020-02-17,河南省,17.0,509.0,1246.0
4228,0.0,49.0,19.0,2020-02-16,河南省,13.0,440.0,1231.0
4643,2.0,34.0,28.0,2020-02-15,河南省,13.0,391.0,1212.0
5069,1.0,61.0,15.0,2020-02-14,河南省,11.0,357.0,1184.0
5479,2.0,50.0,34.0,2020-02-13,河南省,10.0,296.0,1169.0
5907,1.0,28.0,30.0,2020-02-12,河南省,8.0,246.0,1135.0
6322,1.0,27.0,32.0,2020-02-11,河南省,7.0,218.0,1105.0
6747,0.0,38.0,40.0,2020-02-10,河南省,6.0,191.0,1073.0
7168,2.0,37.0,52.0,2020-02-09,河南省,6.0,153.0,1033.0
7587,1.0,30.0,67.0,2020-02-08,河南省,4.0,116.0,981.0
8016,1.0,30.0,63.0,2020-02-07,河南省,3.0,86.0,914.0
8437,0.0,6.0,87.0,2020-02-06,河南省,2.0,56.0,851.0
8857,0.0,23.0,89.0,2020-02-05,河南省,2.0,50.0,764.0
9258,0.0,11.0,109.0,2020-02-04,河南省,2.0,27.0,675.0
9663,0.0,6.0,73.0,2020-02-03,河南省,2.0,16.0,566.0
10069,0.0,7.0,71.0,2020-02-02,河南省,2.0,10.0,493.0
10472,0.0,0.0,70.0,2020-02-01,河南省,2.0,3.0,422.0
10865,0.0,1.0,74.0,2020-01-31,河南省,2.0,3.0,352.0
11265,0.0,1.0,72.0,2020-01-30,河南省,2.0,2.0,278.0
11628,1.0,1.0,38.0,2020-01-29,河南省,2.0,1.0,206.0
11992,0.0,0.0,40.0,2020-01-28,河南省,1.0,0.0,168.0
12331,0.0,0.0,45.0,2020-01-27,河南省,1.0,0.0,128.0
12632,1.0,0.0,51.0,2020-01-26,河南省,1.0,0.0,83.0
12882,0.0,0.0,23.0,2020-01-25,河南省,0.0,0.0,32.0
13080,0.0,0.0,9.0,2020-01-24,河南省,0.0,0.0,9.0
94,0.0,2.0,0.0,2020-02-26,广西壮族自治区,2.0,144.0,252.0
464,0.0,30.0,1.0,2020-02-25,广西壮族自治区,2.0,142.0,252.0
866,0.0,6.0,2.0,2020-02-24,广西壮族自治区,2.0,112.0,251.0
1280,0.0,2.0,0.0,2020-02-23,广西壮族自治区,2.0,106.0,249.0
1709,0.0,7.0,3.0,2020-02-22,广西壮族自治区,2.0,104.0,249.0
2119,0.0,7.0,1.0,2020-02-21,广西壮族自治区,2.0,97.0,246.0
2544,0.0,4.0,1.0,2020-02-20,广西壮族自治区,2.0,90.0,245.0
2968,0.0,17.0,2.0,2020-02-19,广西壮族自治区,2.0,86.0,244.0
3395,0.0,16.0,4.0,2020-02-18,广西壮族自治区,2.0,69.0,242.0
3823,0.0,4.0,1.0,2020-02-17,广西壮族自治区,2.0,53.0,238.0
4247,0.0,5.0,2.0,2020-02-16,广西壮族自治区,2.0,49.0,237.0
4662,0.0,8.0,9.0,2020-02-15,广西壮族自治区,2.0,44.0,235.0
5088,0.0,3.0,4.0,2020-02-14,广西壮族自治区,2.0,36.0,226.0
5498,1.0,1.0,0.0,2020-02-13,广西壮族自治区,2.0,33.0,222.0
5926,0.0,-1.0,7.0,2020-02-12,广西壮族自治区,1.0,32.0,222.0
6341,0.0,9.0,5.0,2020-02-11,广西壮族自治区,1.0,33.0,215.0
6766,0.0,6.0,15.0,2020-02-10,广西壮族自治区,1.0,24.0,210.0
7187,0.0,1.0,12.0,2020-02-09,广西壮族自治区,1.0,18.0,195.0
7608,1.0,0.0,11.0,2020-02-08,广西壮族自治区,1.0,17.0,183.0
8036,0.0,3.0,4.0,2020-02-07,广西壮族自治区,0.0,17.0,172.0
8457,0.0,1.0,18.0,2020-02-06,广西壮族自治区,0.0,14.0,168.0
8875,0.0,3.0,11.0,2020-02-05,广西壮族自治区,0.0,13.0,150.0
9276,0.0,3.0,12.0,2020-02-04,广西壮族自治区,0.0,10.0,139.0
9689,0.0,5.0,16.0,2020-02-03,广西壮族自治区,0.0,7.0,127.0
10091,0.0,0.0,11.0,2020-02-02,广西壮族自治区,0.0,2.0,111.0
10495,0.0,0.0,13.0,2020-02-01,广西壮族自治区,0.0,2.0,100.0
10886,0.0,0.0,9.0,2020-01-31,广西壮族自治区,0.0,2.0,87.0
11284,0.0,0.0,20.0,2020-01-30,广西壮族自治区,0.0,2.0,78.0
11646,0.0,0.0,7.0,2020-01-29,广西壮族自治区,0.0,2.0,58.0
12010,0.0,2.0,5.0,2020-01-28,广西壮族自治区,0.0,2.0,51.0
12348,0.0,0.0,10.0,2020-01-27,广西壮族自治区,0.0,0.0,46.0
12645,0.0,0.0,13.0,2020-01-26,广西壮族自治区,0.0,0.0,36.0
12893,0.0,0.0,10.0,2020-01-25,广西壮族自治区,0.0,0.0,23.0
13086,0.0,0.0,13.0,2020-01-24,广西壮族自治区,0.0,0.0,13.0
107,0.0,3.0,0.0,2020-02-26,陕西省,1.0,189.0,245.0
477,0.0,13.0,0.0,2020-02-25,陕西省,1.0,186.0,245.0
879,0.0,10.0,0.0,2020-02-24,陕西省,1.0,173.0,245.0
1293,0.0,14.0,0.0,2020-02-23,陕西省,1.0,163.0,245.0
1722,0.0,15.0,0.0,2020-02-22,陕西省,1.0,149.0,245.0
2132,0.0,16.0,0.0,2020-02-21,陕西省,1.0,134.0,245.0
2557,1.0,16.0,3.0,2020-02-20,陕西省,1.0,118.0,245.0
2981,0.0,13.0,2.0,2020-02-19,陕西省,0.0,102.0,242.0
3408,0.0,10.0,0.0,2020-02-18,陕西省,0.0,89.0,240.0
3836,0.0,8.0,4.0,2020-02-17,陕西省,0.0,79.0,240.0
4260,0.0,11.0,4.0,2020-02-16,陕西省,0.0,71.0,236.0
4676,0.0,6.0,2.0,2020-02-15,陕西省,0.0,60.0,232.0
5101,0.0,8.0,1.0,2020-02-14,陕西省,0.0,54.0,230.0
5512,0.0,3.0,4.0,2020-02-13,陕西省,0.0,46.0,229.0
5940,0.0,11.0,6.0,2020-02-12,陕西省,0.0,43.0,225.0
6355,0.0,2.0,6.0,2020-02-11,陕西省,0.0,32.0,219.0
6779,0.0,5.0,5.0,2020-02-10,陕西省,0.0,30.0,213.0
7201,0.0,5.0,13.0,2020-02-09,陕西省,0.0,25.0,208.0
7623,0.0,3.0,11.0,2020-02-08,陕西省,0.0,20.0,195.0
8050,0.0,8.0,11.0,2020-02-07,陕西省,0.0,17.0,184.0
8470,0.0,3.0,8.0,2020-02-06,陕西省,0.0,9.0,173.0
8887,0.0,4.0,23.0,2020-02-05,陕西省,0.0,6.0,165.0
9288,0.0,2.0,14.0,2020-02-04,陕西省,0.0,2.0,142.0
9701,0.0,0.0,12.0,2020-02-03,陕西省,0.0,0.0,128.0
10103,0.0,0.0,15.0,2020-02-02,陕西省,0.0,0.0,116.0
10506,0.0,0.0,14.0,2020-02-01,陕西省,0.0,0.0,101.0
10897,0.0,0.0,24.0,2020-01-31,陕西省,0.0,0.0,87.0
11295,0.0,0.0,7.0,2020-01-30,陕西省,0.0,0.0,63.0
11655,0.0,0.0,10.0,2020-01-29,陕西省,0.0,0.0,56.0
12019,0.0,0.0,11.0,2020-01-28,陕西省,0.0,0.0,46.0
12357,0.0,0.0,13.0,2020-01-27,陕西省,0.0,0.0,35.0
12654,0.0,0.0,7.0,2020-01-26,陕西省,0.0,0.0,22.0
12901,0.0,0.0,10.0,2020-01-25,陕西省,0.0,0.0,15.0
13092,0.0,0.0,5.0,2020-01-24,陕西省,0.0,0.0,5.0
119,0.0,29.0,0.0,2020-02-26,广东省,7.0,851.0,1347.0
490,1.0,36.0,2.0,2020-02-25,广东省,7.0,822.0,1347.0
891,0.0,31.0,3.0,2020-02-24,广东省,6.0,786.0,1345.0
1306,1.0,27.0,3.0,2020-02-23,广东省,6.0,755.0,1342.0
1735,0.0,38.0,6.0,2020-02-22,广东省,5.0,728.0,1339.0
2145,0.0,48.0,1.0,2020-02-21,广东省,5.0,690.0,1333.0
2570,0.0,36.0,1.0,2020-02-20,广东省,5.0,642.0,1332.0
2994,1.0,41.0,3.0,2020-02-19,广东省,5.0,606.0,1331.0
3421,0.0,41.0,6.0,2020-02-18,广东省,4.0,565.0,1328.0
3849,2.0,59.0,6.0,2020-02-17,广东省,4.0,524.0,1322.0
4273,0.0,55.0,22.0,2020-02-16,广东省,2.0,465.0,1316.0
4689,0.0,48.0,33.0,2020-02-15,广东省,2.0,410.0,1294.0
5114,0.0,48.0,20.0,2020-02-14,广东省,2.0,362.0,1261.0
5525,1.0,39.0,22.0,2020-02-13,广东省,2.0,314.0,1241.0
5953,0.0,63.0,42.0,2020-02-12,广东省,1.0,275.0,1219.0
6368,0.0,45.0,18.0,2020-02-11,广东省,1.0,212.0,1177.0
6792,0.0,26.0,28.0,2020-02-10,广东省,1.0,167.0,1159.0
7213,0.0,22.0,36.0,2020-02-09,广东省,1.0,141.0,1131.0
7635,0.0,31.0,61.0,2020-02-08,广东省,1.0,119.0,1095.0
8062,1.0,19.0,64.0,2020-02-07,广东省,1.0,88.0,1034.0
8482,0.0,20.0,75.0,2020-02-06,广东省,0.0,69.0,970.0
8899,0.0,19.0,82.0,2020-02-05,广东省,0.0,49.0,895.0
9300,0.0,9.0,88.0,2020-02-04,广东省,0.0,30.0,813.0
9712,0.0,6.0,93.0,2020-02-03,广东省,0.0,21.0,725.0
10114,0.0,1.0,97.0,2020-02-02,广东省,0.0,15.0,632.0
10517,0.0,-6.0,99.0,2020-02-01,广东省,0.0,14.0,535.0
10908,0.0,10.0,82.0,2020-01-31,广东省,0.0,20.0,436.0
11306,0.0,5.0,77.0,2020-01-30,广东省,0.0,10.0,354.0
11664,0.0,1.0,70.0,2020-01-29,广东省,0.0,5.0,277.0
12028,0.0,1.0,56.0,2020-01-28,广东省,0.0,4.0,207.0
12365,0.0,1.0,40.0,2020-01-27,广东省,0.0,3.0,151.0
12661,0.0,0.0,33.0,2020-01-26,广东省,0.0,2.0,111.0
12907,0.0,0.0,25.0,2020-01-25,广东省,0.0,2.0,78.0
13096,0.0,2.0,53.0,2020-01-24,广东省,0.0,2.0,53.0
140,0.0,59.0,0.0,2020-02-26,浙江省,1.0,867.0,1205.0
511,0.0,26.0,0.0,2020-02-25,浙江省,1.0,808.0,1205.0
912,0.0,22.0,0.0,2020-02-24,浙江省,1.0,782.0,1205.0
1327,0.0,41.0,0.0,2020-02-23,浙江省,1.0,760.0,1205.0
1756,0.0,40.0,2.0,2020-02-22,浙江省,1.0,719.0,1205.0
2166,0.0,46.0,28.0,2020-02-21,浙江省,1.0,679.0,1203.0
2591,1.0,29.0,1.0,2020-02-20,浙江省,1.0,633.0,1175.0
3015,0.0,69.0,2.0,2020-02-19,浙江省,0.0,604.0,1174.0
3442,0.0,28.0,1.0,2020-02-18,浙江省,0.0,535.0,1172.0
3870,0.0,51.0,4.0,2020-02-17,浙江省,0.0,507.0,1171.0
4294,0.0,28.0,5.0,2020-02-16,浙江省,0.0,456.0,1167.0
4710,0.0,25.0,7.0,2020-02-15,浙江省,0.0,428.0,1162.0
5135,0.0,43.0,10.0,2020-02-14,浙江省,0.0,403.0,1155.0
5546,0.0,39.0,14.0,2020-02-13,浙江省,0.0,360.0,1145.0
5974,0.0,51.0,14.0,2020-02-12,浙江省,0.0,321.0,1131.0
6389,0.0,28.0,25.0,2020-02-11,浙江省,0.0,270.0,1117.0
6813,0.0,41.0,17.0,2020-02-10,浙江省,0.0,242.0,1092.0
7234,0.0,26.0,27.0,2020-02-09,浙江省,0.0,201.0,1075.0
7658,0.0,52.0,42.0,2020-02-08,浙江省,0.0,175.0,1048.0
8082,0.0,29.0,52.0,2020-02-07,浙江省,0.0,123.0,1006.0
8503,0.0,16.0,59.0,2020-02-06,浙江省,0.0,94.0,954.0
8920,0.0,16.0,66.0,2020-02-05,浙江省,0.0,78.0,895.0
9320,0.0,19.0,105.0,2020-02-04,浙江省,0.0,62.0,829.0
9732,-1.0,11.0,63.0,2020-02-03,浙江省,0.0,43.0,724.0
10134,1.0,11.0,62.0,2020-02-02,浙江省,1.0,32.0,661.0
10537,0.0,7.0,61.0,2020-02-01,浙江省,0.0,21.0,599.0
10927,0.0,10.0,110.0,2020-01-31,浙江省,0.0,14.0,538.0
11325,0.0,1.0,132.0,2020-01-30,浙江省,0.0,4.0,428.0
11685,0.0,0.0,123.0,2020-01-29,浙江省,0.0,3.0,296.0
12046,0.0,2.0,45.0,2020-01-28,浙江省,0.0,3.0,173.0
12381,0.0,0.0,24.0,2020-01-27,浙江省,0.0,1.0,128.0
12676,0.0,0.0,42.0,2020-01-26,浙江省,0.0,1.0,104.0
12920,0.0,0.0,19.0,2020-01-25,浙江省,0.0,1.0,62.0
13107,0.0,1.0,43.0,2020-01-24,浙江省,0.0,1.0,43.0
153,0.0,6.0,0.0,2020-02-26,黑龙江省,12.0,249.0,480.0
523,0.0,16.0,0.0,2020-02-25,黑龙江省,12.0,243.0,480.0
924,0.0,5.0,0.0,2020-02-24,黑龙江省,12.0,227.0,480.0
1339,0.0,18.0,1.0,2020-02-23,黑龙江省,12.0,222.0,480.0
1768,0.0,29.0,0.0,2020-02-22,黑龙江省,12.0,204.0,479.0
2178,0.0,39.0,3.0,2020-02-21,黑龙江省,12.0,175.0,479.0
2602,0.0,16.0,6.0,2020-02-20,黑龙江省,12.0,136.0,476.0
3026,1.0,9.0,6.0,2020-02-19,黑龙江省,12.0,120.0,470.0
3453,0.0,26.0,7.0,2020-02-18,黑龙江省,11.0,111.0,464.0
3881,0.0,6.0,12.0,2020-02-17,黑龙江省,11.0,85.0,457.0
4305,0.0,11.0,20.0,2020-02-16,黑龙江省,11.0,79.0,445.0
4721,0.0,21.0,6.0,2020-02-15,黑龙江省,11.0,68.0,425.0
5146,2.0,14.0,24.0,2020-02-14,黑龙江省,11.0,47.0,419.0
5557,1.0,2.0,17.0,2020-02-13,黑龙江省,9.0,33.0,395.0
5985,0.0,3.0,18.0,2020-02-12,黑龙江省,8.0,31.0,378.0
6400,1.0,-2.0,29.0,2020-02-11,黑龙江省,8.0,28.0,360.0
6824,1.0,16.0,24.0,2020-02-10,黑龙江省,7.0,30.0,331.0
7245,1.0,1.0,11.0,2020-02-09,黑龙江省,6.0,14.0,307.0
7670,2.0,1.0,19.0,2020-02-08,黑龙江省,5.0,13.0,296.0
8094,0.0,4.0,50.0,2020-02-07,黑龙江省,3.0,12.0,277.0
8514,1.0,0.0,37.0,2020-02-06,黑龙江省,3.0,8.0,227.0
8931,0.0,4.0,35.0,2020-02-05,黑龙江省,2.0,8.0,190.0
9331,0.0,2.0,34.0,2020-02-04,黑龙江省,2.0,4.0,155.0
9743,0.0,-2.0,26.0,2020-02-03,黑龙江省,2.0,2.0,121.0
10145,0.0,2.0,15.0,2020-02-02,黑龙江省,2.0,4.0,95.0
10548,0.0,2.0,21.0,2020-02-01,黑龙江省,2.0,2.0,80.0
10938,0.0,0.0,15.0,2020-01-31,黑龙江省,2.0,0.0,59.0
11336,1.0,0.0,6.0,2020-01-30,黑龙江省,2.0,0.0,44.0
11696,0.0,0.0,8.0,2020-01-29,黑龙江省,1.0,0.0,38.0
12057,0.0,0.0,9.0,2020-01-28,黑龙江省,1.0,0.0,30.0
12392,0.0,0.0,6.0,2020-01-27,黑龙江省,1.0,0.0,21.0
12687,0.0,0.0,6.0,2020-01-26,黑龙江省,1.0,0.0,15.0
12929,0.0,0.0,5.0,2020-01-25,黑龙江省,1.0,0.0,9.0
13116,1.0,0.0,4.0,2020-01-24,黑龙江省,1.0,0.0,4.0
166,0.0,19.0,0.0,2020-02-26,福建省,1.0,218.0,294.0
536,0.0,16.0,1.0,2020-02-25,福建省,1.0,199.0,294.0
937,0.0,13.0,0.0,2020-02-24,福建省,1.0,183.0,293.0
1352,0.0,8.0,0.0,2020-02-23,福建省,1.0,170.0,293.0
1781,0.0,13.0,0.0,2020-02-22,福建省,1.0,162.0,293.0
2191,0.0,23.0,0.0,2020-02-21,福建省,1.0,149.0,293.0
2615,1.0,14.0,0.0,2020-02-20,福建省,1.0,126.0,293.0
3039,0.0,19.0,1.0,2020-02-19,福建省,0.0,112.0,293.0
3467,0.0,3.0,2.0,2020-02-18,福建省,0.0,93.0,292.0
3894,0.0,8.0,3.0,2020-02-17,福建省,0.0,90.0,290.0
4318,0.0,11.0,2.0,2020-02-16,福建省,0.0,82.0,287.0
4734,0.0,8.0,4.0,2020-02-15,福建省,0.0,71.0,285.0
5159,0.0,6.0,2.0,2020-02-14,福建省,0.0,63.0,281.0
5569,0.0,4.0,7.0,2020-02-13,福建省,0.0,57.0,279.0
5997,0.0,8.0,5.0,2020-02-12,福建省,0.0,53.0,272.0
6412,0.0,6.0,6.0,2020-02-11,福建省,0.0,45.0,267.0
6836,0.0,4.0,11.0,2020-02-10,福建省,0.0,39.0,261.0
7257,0.0,11.0,11.0,2020-02-09,福建省,0.0,35.0,250.0
7683,0.0,4.0,15.0,2020-02-08,福建省,0.0,24.0,239.0
8106,0.0,6.0,9.0,2020-02-07,福建省,0.0,20.0,224.0
8527,0.0,3.0,10.0,2020-02-06,福建省,0.0,14.0,215.0
8943,0.0,8.0,11.0,2020-02-05,福建省,0.0,11.0,205.0
9343,0.0,2.0,15.0,2020-02-04,福建省,0.0,3.0,194.0
9755,0.0,1.0,20.0,2020-02-03,福建省,0.0,1.0,179.0
10158,0.0,0.0,15.0,2020-02-02,福建省,0.0,0.0,159.0
10559,0.0,0.0,24.0,2020-02-01,福建省,0.0,0.0,144.0
10949,0.0,0.0,19.0,2020-01-31,福建省,0.0,0.0,120.0
11347,0.0,0.0,17.0,2020-01-30,福建省,0.0,0.0,101.0
11706,0.0,0.0,4.0,2020-01-29,福建省,0.0,0.0,84.0
12065,0.0,0.0,21.0,2020-01-28,福建省,0.0,0.0,80.0
12400,0.0,0.0,24.0,2020-01-27,福建省,0.0,0.0,59.0
12692,0.0,0.0,17.0,2020-01-26,福建省,0.0,0.0,35.0
12933,0.0,0.0,8.0,2020-01-25,福建省,0.0,0.0,18.0
13120,0.0,0.0,10.0,2020-01-24,福建省,0.0,0.0,10.0
176,0.0,13.0,1.0,2020-02-26,河北省,6.0,261.0,312.0
546,0.0,14.0,0.0,2020-02-25,河北省,6.0,248.0,311.0
947,0.0,15.0,0.0,2020-02-24,河北省,6.0,234.0,311.0
1362,0.0,16.0,2.0,2020-02-23,河北省,6.0,219.0,311.0
1791,1.0,19.0,1.0,2020-02-22,河北省,6.0,203.0,309.0
2201,0.0,15.0,1.0,2020-02-21,河北省,5.0,184.0,308.0
2625,1.0,17.0,1.0,2020-02-20,河北省,5.0,169.0,307.0
3049,0.0,16.0,4.0,2020-02-19,河北省,4.0,152.0,306.0
3477,1.0,14.0,1.0,2020-02-18,河北省,4.0,136.0,302.0
3904,0.0,17.0,1.0,2020-02-17,河北省,3.0,122.0,301.0
4328,0.0,4.0,9.0,2020-02-16,河北省,3.0,105.0,300.0
4744,0.0,14.0,8.0,2020-02-15,河北省,3.0,101.0,291.0
5169,0.0,19.0,18.0,2020-02-14,河北省,3.0,87.0,283.0
5578,1.0,14.0,14.0,2020-02-13,河北省,3.0,68.0,265.0
6007,0.0,6.0,12.0,2020-02-12,河北省,2.0,54.0,251.0
6421,0.0,7.0,21.0,2020-02-11,河北省,2.0,48.0,239.0
6846,0.0,7.0,12.0,2020-02-10,河北省,2.0,41.0,218.0
7266,1.0,4.0,11.0,2020-02-09,河北省,2.0,34.0,206.0
7692,0.0,8.0,23.0,2020-02-08,河北省,1.0,30.0,195.0
8116,0.0,9.0,15.0,2020-02-07,河北省,1.0,22.0,172.0
8536,0.0,7.0,21.0,2020-02-06,河北省,1.0,13.0,157.0
8952,0.0,2.0,10.0,2020-02-05,河北省,1.0,6.0,136.0
9352,0.0,1.0,13.0,2020-02-04,河北省,1.0,4.0,126.0
9764,0.0,0.0,9.0,2020-02-03,河北省,1.0,3.0,113.0
10167,0.0,3.0,8.0,2020-02-02,河北省,1.0,3.0,104.0
10568,0.0,0.0,14.0,2020-02-01,河北省,1.0,0.0,96.0
10958,0.0,0.0,17.0,2020-01-31,河北省,1.0,0.0,82.0
11356,0.0,0.0,17.0,2020-01-30,河北省,1.0,0.0,65.0
11715,0.0,0.0,15.0,2020-01-29,河北省,1.0,0.0,48.0
12074,0.0,0.0,15.0,2020-01-28,河北省,1.0,0.0,33.0
12408,0.0,0.0,5.0,2020-01-27,河北省,1.0,0.0,18.0
12700,0.0,0.0,5.0,2020-01-26,河北省,1.0,0.0,13.0
12939,0.0,0.0,6.0,2020-01-25,河北省,1.0,0.0,8.0
13126,1.0,0.0,2.0,2020-01-24,河北省,1.0,0.0,2.0
187,0.0,32.0,0.0,2020-02-26,安徽省,6.0,744.0,989.0
557,0.0,49.0,0.0,2020-02-25,安徽省,6.0,712.0,989.0
958,0.0,26.0,0.0,2020-02-24,安徽省,6.0,663.0,989.0
1373,0.0,40.0,0.0,2020-02-23,安徽省,6.0,637.0,989.0
1802,0.0,58.0,1.0,2020-02-22,安徽省,6.0,597.0,989.0
2212,0.0,65.0,1.0,2020-02-21,安徽省,6.0,539.0,988.0
2636,0.0,61.0,1.0,2020-02-20,安徽省,6.0,474.0,987.0
3060,0.0,52.0,4.0,2020-02-19,安徽省,6.0,413.0,986.0
3488,0.0,81.0,9.0,2020-02-18,安徽省,6.0,361.0,982.0
3915,0.0,25.0,11.0,2020-02-17,安徽省,6.0,280.0,973.0
4339,0.0,34.0,12.0,2020-02-16,安徽省,6.0,255.0,962.0
4755,0.0,28.0,16.0,2020-02-15,安徽省,6.0,221.0,950.0
5180,1.0,31.0,24.0,2020-02-14,安徽省,6.0,193.0,934.0
5589,1.0,35.0,21.0,2020-02-13,安徽省,5.0,162.0,910.0
6018,0.0,22.0,29.0,2020-02-12,安徽省,4.0,127.0,889.0
6432,1.0,17.0,30.0,2020-02-11,安徽省,4.0,105.0,860.0
6857,2.0,16.0,51.0,2020-02-10,安徽省,3.0,88.0,830.0
7277,1.0,13.0,46.0,2020-02-09,安徽省,1.0,72.0,779.0
7703,0.0,12.0,68.0,2020-02-08,安徽省,0.0,59.0,733.0
8127,0.0,13.0,74.0,2020-02-07,安徽省,0.0,47.0,665.0
8547,0.0,11.0,61.0,2020-02-06,安徽省,0.0,34.0,591.0
8963,0.0,3.0,50.0,2020-02-05,安徽省,0.0,23.0,530.0
9363,0.0,6.0,72.0,2020-02-04,安徽省,0.0,20.0,480.0
9775,0.0,7.0,68.0,2020-02-03,安徽省,0.0,14.0,408.0
10178,0.0,2.0,43.0,2020-02-02,安徽省,0.0,7.0,340.0
10579,0.0,2.0,60.0,2020-02-01,安徽省,0.0,5.0,297.0
10968,0.0,1.0,37.0,2020-01-31,安徽省,0.0,3.0,237.0
11366,0.0,0.0,45.0,2020-01-30,安徽省,0.0,2.0,200.0
11725,0.0,2.0,49.0,2020-01-29,安徽省,0.0,2.0,155.0
12083,0.0,0.0,36.0,2020-01-28,安徽省,0.0,0.0,106.0
12415,0.0,0.0,10.0,2020-01-27,安徽省,0.0,0.0,70.0
12705,0.0,0.0,21.0,2020-01-26,安徽省,0.0,0.0,60.0
12943,0.0,0.0,24.0,2020-01-25,安徽省,0.0,0.0,39.0
13128,0.0,0.0,15.0,2020-01-24,安徽省,0.0,0.0,15.0
203,0.0,15.0,0.0,2020-02-26,湖南省,4.0,783.0,1016.0
573,0.0,37.0,0.0,2020-02-25,湖南省,4.0,768.0,1016.0
974,0.0,17.0,0.0,2020-02-24,湖南省,4.0,731.0,1016.0
1389,0.0,22.0,3.0,2020-02-23,湖南省,4.0,714.0,1016.0
1818,0.0,31.0,2.0,2020-02-22,湖南省,4.0,692.0,1013.0
2228,0.0,27.0,1.0,2020-02-21,湖南省,4.0,661.0,1011.0
2652,0.0,73.0,2.0,2020-02-20,湖南省,4.0,634.0,1010.0
3076,0.0,34.0,1.0,2020-02-19,湖南省,4.0,561.0,1008.0
3505,1.0,29.0,1.0,2020-02-18,湖南省,4.0,527.0,1007.0
3932,0.0,34.0,2.0,2020-02-17,湖南省,3.0,498.0,1006.0
4355,1.0,39.0,3.0,2020-02-16,湖南省,3.0,464.0,1004.0
4771,0.0,61.0,13.0,2020-02-15,湖南省,2.0,425.0,1001.0
5196,0.0,25.0,20.0,2020-02-14,湖南省,2.0,364.0,988.0
5606,0.0,35.0,22.0,2020-02-13,湖南省,2.0,339.0,968.0
6034,1.0,57.0,34.0,2020-02-12,湖南省,2.0,304.0,946.0
6448,0.0,39.0,33.0,2020-02-11,湖南省,1.0,247.0,912.0
6873,0.0,22.0,41.0,2020-02-10,湖南省,1.0,208.0,879.0
7293,0.0,30.0,35.0,2020-02-09,湖南省,1.0,186.0,838.0
7719,1.0,44.0,31.0,2020-02-08,湖南省,1.0,156.0,803.0
8143,0.0,31.0,61.0,2020-02-07,湖南省,0.0,112.0,772.0
8563,0.0,27.0,50.0,2020-02-06,湖南省,0.0,81.0,711.0
8979,0.0,23.0,68.0,2020-02-05,湖南省,0.0,54.0,661.0
9379,0.0,9.0,72.0,2020-02-04,湖南省,0.0,31.0,593.0
9791,0.0,6.0,58.0,2020-02-03,湖南省,0.0,22.0,521.0
10194,0.0,8.0,74.0,2020-02-02,湖南省,0.0,16.0,463.0
10596,0.0,6.0,57.0,2020-02-01,湖南省,0.0,8.0,389.0
10985,0.0,0.0,55.0,2020-01-31,湖南省,0.0,2.0,332.0
11383,0.0,2.0,56.0,2020-01-30,湖南省,0.0,2.0,277.0
11743,0.0,0.0,78.0,2020-01-29,湖南省,0.0,0.0,221.0
12099,0.0,0.0,43.0,2020-01-28,湖南省,0.0,0.0,143.0
12431,0.0,0.0,31.0,2020-01-27,湖南省,0.0,0.0,100.0
12721,0.0,0.0,26.0,2020-01-26,湖南省,0.0,0.0,69.0
12954,0.0,0.0,19.0,2020-01-25,湖南省,0.0,0.0,43.0
13136,0.0,0.0,24.0,2020-01-24,湖南省,0.0,0.0,24.0
217,0.0,18.0,2.0,2020-02-26,四川省,3.0,307.0,531.0
587,0.0,13.0,2.0,2020-02-25,四川省,3.0,289.0,529.0
988,0.0,15.0,1.0,2020-02-24,四川省,3.0,276.0,527.0
1403,0.0,11.0,0.0,2020-02-23,四川省,3.0,261.0,526.0
1832,0.0,19.0,1.0,2020-02-22,四川省,3.0,250.0,526.0
2242,0.0,14.0,5.0,2020-02-21,四川省,3.0,231.0,525.0
2666,0.0,29.0,6.0,2020-02-20,四川省,3.0,217.0,520.0
3090,0.0,19.0,6.0,2020-02-19,四川省,3.0,188.0,514.0
3519,0.0,13.0,13.0,2020-02-18,四川省,3.0,169.0,508.0
3946,0.0,25.0,14.0,2020-02-17,四川省,3.0,156.0,495.0
4369,2.0,12.0,11.0,2020-02-16,四川省,3.0,131.0,481.0
4785,0.0,5.0,7.0,2020-02-15,四川省,1.0,119.0,470.0
5210,0.0,10.0,12.0,2020-02-14,四川省,1.0,114.0,463.0
5620,0.0,12.0,15.0,2020-02-13,四川省,1.0,104.0,451.0
6048,0.0,7.0,19.0,2020-02-12,四川省,1.0,92.0,436.0
6462,0.0,5.0,12.0,2020-02-11,四川省,1.0,85.0,417.0
6887,0.0,9.0,19.0,2020-02-10,四川省,1.0,80.0,405.0
7307,0.0,11.0,22.0,2020-02-09,四川省,1.0,71.0,386.0
7733,0.0,18.0,20.0,2020-02-08,四川省,1.0,60.0,364.0
8157,0.0,11.0,23.0,2020-02-07,四川省,1.0,42.0,344.0
8577,0.0,7.0,20.0,2020-02-06,四川省,1.0,31.0,321.0
8993,0.0,10.0,19.0,2020-02-05,四川省,1.0,24.0,301.0
9393,0.0,0.0,28.0,2020-02-04,四川省,1.0,14.0,282.0
9805,0.0,3.0,23.0,2020-02-03,四川省,1.0,14.0,254.0
10208,0.0,8.0,24.0,2020-02-02,四川省,1.0,11.0,231.0
10610,0.0,2.0,30.0,2020-02-01,四川省,1.0,3.0,207.0
10999,0.0,0.0,35.0,2020-01-31,四川省,1.0,1.0,177.0
11397,0.0,0.0,34.0,2020-01-30,四川省,1.0,1.0,142.0
11756,1.0,1.0,18.0,2020-01-29,四川省,1.0,1.0,108.0
12112,0.0,0.0,21.0,2020-01-28,四川省,0.0,0.0,90.0
12444,0.0,-1.0,25.0,2020-01-27,四川省,0.0,0.0,69.0
12734,0.0,1.0,16.0,2020-01-26,四川省,0.0,1.0,44.0
12966,0.0,0.0,13.0,2020-01-25,四川省,0.0,0.0,28.0
13144,0.0,0.0,15.0,2020-01-24,四川省,0.0,0.0,15.0
238,0.0,20.0,0.0,2020-02-26,江苏省,0.0,478.0,631.0
608,0.0,5.0,0.0,2020-02-25,江苏省,0.0,458.0,631.0
1009,0.0,35.0,0.0,2020-02-24,江苏省,0.0,453.0,631.0
1424,0.0,17.0,0.0,2020-02-23,江苏省,0.0,418.0,631.0
1853,0.0,28.0,0.0,2020-02-22,江苏省,0.0,401.0,631.0
2263,0.0,17.0,0.0,2020-02-21,江苏省,0.0,373.0,631.0
2688,0.0,38.0,0.0,2020-02-20,江苏省,0.0,356.0,631.0
3112,0.0,38.0,2.0,2020-02-19,江苏省,0.0,318.0,631.0
3541,0.0,22.0,3.0,2020-02-18,江苏省,0.0,280.0,629.0
3968,0.0,40.0,9.0,2020-02-17,江苏省,0.0,258.0,626.0
4391,0.0,32.0,13.0,2020-02-16,江苏省,0.0,218.0,617.0
4806,0.0,29.0,11.0,2020-02-15,江苏省,0.0,186.0,604.0
5231,0.0,18.0,23.0,2020-02-14,江苏省,0.0,157.0,593.0
5641,0.0,14.0,27.0,2020-02-13,江苏省,0.0,139.0,570.0
6069,0.0,32.0,28.0,2020-02-12,江苏省,0.0,125.0,543.0
6483,0.0,12.0,23.0,2020-02-11,江苏省,0.0,93.0,515.0
6908,0.0,10.0,24.0,2020-02-10,江苏省,0.0,81.0,492.0
7328,0.0,20.0,29.0,2020-02-09,江苏省,0.0,71.0,468.0
7755,0.0,8.0,31.0,2020-02-08,江苏省,0.0,51.0,439.0
8178,0.0,9.0,35.0,2020-02-07,江苏省,0.0,43.0,408.0
8598,0.0,11.0,32.0,2020-02-06,江苏省,0.0,34.0,373.0
9014,0.0,11.0,33.0,2020-02-05,江苏省,0.0,23.0,341.0
9414,0.0,4.0,37.0,2020-02-04,江苏省,0.0,12.0,308.0
9826,0.0,1.0,35.0,2020-02-03,江苏省,0.0,8.0,271.0
10229,0.0,-1.0,34.0,2020-02-02,江苏省,0.0,7.0,236.0
10631,0.0,3.0,34.0,2020-02-01,江苏省,0.0,8.0,202.0
11020,0.0,4.0,39.0,2020-01-31,江苏省,0.0,5.0,168.0
11416,0.0,0.0,30.0,2020-01-30,江苏省,0.0,1.0,129.0
11775,0.0,0.0,29.0,2020-01-29,江苏省,0.0,1.0,99.0
12129,0.0,0.0,23.0,2020-01-28,江苏省,0.0,1.0,70.0
12461,0.0,0.0,14.0,2020-01-27,江苏省,0.0,1.0,47.0
12748,0.0,0.0,15.0,2020-01-26,江苏省,0.0,1.0,33.0
12976,0.0,1.0,9.0,2020-01-25,江苏省,0.0,1.0,18.0
13151,0.0,0.0,9.0,2020-01-24,江苏省,0.0,0.0,9.0
251,0.0,24.0,0.0,2020-02-26,重庆市,6.0,373.0,576.0
621,0.0,14.0,1.0,2020-02-25,重庆市,6.0,349.0,576.0
1022,0.0,7.0,2.0,2020-02-24,重庆市,6.0,335.0,575.0
1437,0.0,12.0,1.0,2020-02-23,重庆市,6.0,328.0,573.0
1866,0.0,17.0,5.0,2020-02-22,重庆市,6.0,316.0,572.0
2276,1.0,25.0,7.0,2020-02-21,重庆市,6.0,299.0,567.0
2701,0.0,20.0,5.0,2020-02-20,重庆市,5.0,274.0,560.0
3126,0.0,19.0,2.0,2020-02-19,重庆市,5.0,254.0,555.0
3554,0.0,21.0,0.0,2020-02-18,重庆市,5.0,235.0,553.0
3981,0.0,27.0,6.0,2020-02-17,重庆市,5.0,214.0,553.0
4404,0.0,3.0,9.0,2020-02-16,重庆市,5.0,187.0,547.0
4819,0.0,45.0,6.0,2020-02-15,重庆市,5.0,184.0,538.0
5244,2.0,11.0,7.0,2020-02-14,重庆市,5.0,139.0,532.0
5654,0.0,41.0,16.0,2020-02-13,重庆市,3.0,128.0,525.0
6082,1.0,15.0,20.0,2020-02-12,重庆市,3.0,87.0,509.0
6496,0.0,6.0,16.0,2020-02-11,重庆市,2.0,72.0,489.0
6921,0.0,15.0,23.0,2020-02-10,重庆市,2.0,66.0,473.0
7341,0.0,12.0,22.0,2020-02-09,重庆市,2.0,51.0,450.0
7768,0.0,8.0,13.0,2020-02-08,重庆市,2.0,39.0,428.0
8191,0.0,7.0,15.0,2020-02-07,重庆市,2.0,31.0,415.0
8611,0.0,9.0,24.0,2020-02-06,重庆市,2.0,24.0,400.0
9028,0.0,6.0,32.0,2020-02-05,重庆市,2.0,15.0,376.0
9427,0.0,1.0,32.0,2020-02-04,重庆市,2.0,9.0,344.0
9839,1.0,1.0,37.0,2020-02-03,重庆市,2.0,8.0,312.0
10242,0.0,4.0,28.0,2020-02-02,重庆市,1.0,7.0,275.0
10645,1.0,2.0,36.0,2020-02-01,重庆市,1.0,3.0,247.0
11033,0.0,0.0,29.0,2020-01-31,重庆市,0.0,1.0,211.0
11429,0.0,0.0,35.0,2020-01-30,重庆市,0.0,1.0,182.0
11788,0.0,1.0,15.0,2020-01-29,重庆市,0.0,1.0,147.0
12142,0.0,0.0,22.0,2020-01-28,重庆市,0.0,0.0,132.0
12474,0.0,0.0,35.0,2020-01-27,重庆市,0.0,0.0,110.0
12760,0.0,0.0,18.0,2020-01-26,重庆市,0.0,0.0,75.0
12985,0.0,0.0,30.0,2020-01-25,重庆市,0.0,0.0,57.0
13157,0.0,0.0,27.0,2020-01-24,重庆市,0.0,0.0,27.0
290,0.0,15.0,0.0,2020-02-26,云南省,2.0,144.0,174.0
660,0.0,1.0,0.0,2020-02-25,云南省,2.0,129.0,174.0
1061,0.0,13.0,0.0,2020-02-24,云南省,2.0,128.0,174.0
1476,0.0,8.0,0.0,2020-02-23,云南省,2.0,115.0,174.0
1905,0.0,11.0,0.0,2020-02-22,云南省,2.0,107.0,174.0
2315,1.0,17.0,1.0,2020-02-21,云南省,2.0,96.0,174.0
2740,0.0,19.0,0.0,2020-02-20,云南省,1.0,79.0,173.0
3165,1.0,3.0,1.0,2020-02-19,云南省,1.0,60.0,173.0
3593,0.0,10.0,1.0,2020-02-18,云南省,0.0,57.0,172.0
4020,0.0,5.0,0.0,2020-02-17,云南省,0.0,47.0,171.0
4443,0.0,0.0,3.0,2020-02-16,云南省,0.0,42.0,171.0
4858,0.0,6.0,6.0,2020-02-15,云南省,0.0,42.0,168.0
5283,0.0,9.0,6.0,2020-02-14,云南省,0.0,36.0,162.0
5695,0.0,1.0,2.0,2020-02-13,云南省,0.0,27.0,156.0
6121,0.0,6.0,1.0,2020-02-12,云南省,0.0,26.0,154.0
6536,0.0,1.0,4.0,2020-02-11,云南省,0.0,20.0,153.0
6960,0.0,1.0,8.0,2020-02-10,云南省,0.0,19.0,149.0
7380,0.0,1.0,3.0,2020-02-09,云南省,0.0,18.0,141.0
7807,0.0,4.0,2.0,2020-02-08,云南省,0.0,17.0,138.0
8230,0.0,6.0,3.0,2020-02-07,云南省,0.0,13.0,136.0
8650,0.0,2.0,9.0,2020-02-06,云南省,0.0,7.0,133.0
9066,0.0,0.0,5.0,2020-02-05,云南省,0.0,5.0,124.0
9464,0.0,0.0,5.0,2020-02-04,云南省,0.0,5.0,119.0
9875,0.0,2.0,9.0,2020-02-03,云南省,0.0,5.0,114.0
10277,0.0,1.0,12.0,2020-02-02,云南省,0.0,3.0,105.0
10680,0.0,1.0,10.0,2020-02-01,云南省,0.0,2.0,93.0
11076,0.0,1.0,13.0,2020-01-31,云南省,0.0,1.0,83.0
11462,0.0,0.0,15.0,2020-01-30,云南省,0.0,0.0,70.0
11820,0.0,0.0,11.0,2020-01-29,云南省,0.0,0.0,55.0
12173,0.0,0.0,18.0,2020-01-28,云南省,0.0,0.0,44.0
12503,0.0,0.0,10.0,2020-01-27,云南省,0.0,0.0,26.0
12785,0.0,0.0,5.0,2020-01-26,云南省,0.0,0.0,16.0
13007,0.0,0.0,6.0,2020-01-25,云南省,0.0,0.0,11.0
13173,0.0,0.0,5.0,2020-01-24,云南省,0.0,0.0,5.0
304,0.0,4.0,0.0,2020-02-26,上海市,3.0,272.0,336.0
674,0.0,7.0,1.0,2020-02-25,上海市,3.0,268.0,336.0
1075,0.0,12.0,0.0,2020-02-24,上海市,3.0,261.0,335.0
1490,0.0,22.0,0.0,2020-02-23,上海市,3.0,249.0,335.0
1919,1.0,16.0,1.0,2020-02-22,上海市,3.0,227.0,335.0
2329,0.0,11.0,0.0,2020-02-21,上海市,2.0,211.0,334.0
2754,0.0,14.0,1.0,2020-02-20,上海市,2.0,200.0,334.0
3179,1.0,9.0,0.0,2020-02-19,上海市,2.0,186.0,333.0
3607,0.0,16.0,1.0,2020-02-18,上海市,1.0,177.0,333.0
4034,0.0,21.0,4.0,2020-02-17,上海市,1.0,161.0,332.0
4457,0.0,16.0,2.0,2020-02-16,上海市,1.0,140.0,328.0
4873,0.0,34.0,8.0,2020-02-15,上海市,1.0,124.0,326.0
5298,0.0,28.0,3.0,2020-02-14,上海市,1.0,90.0,318.0
5710,0.0,5.0,4.0,2020-02-13,上海市,1.0,62.0,315.0
6136,0.0,5.0,8.0,2020-02-12,上海市,1.0,57.0,311.0
6551,0.0,4.0,4.0,2020-02-11,上海市,1.0,52.0,303.0
6975,0.0,4.0,6.0,2020-02-10,上海市,1.0,48.0,299.0
7395,0.0,3.0,7.0,2020-02-09,上海市,1.0,44.0,293.0
7822,0.0,11.0,9.0,2020-02-08,上海市,1.0,41.0,286.0
8245,0.0,5.0,20.0,2020-02-07,上海市,1.0,30.0,277.0
8665,0.0,10.0,14.0,2020-02-06,上海市,1.0,25.0,257.0
9080,0.0,3.0,24.0,2020-02-05,上海市,1.0,15.0,243.0
9478,0.0,2.0,16.0,2020-02-04,上海市,1.0,12.0,219.0
9889,0.0,0.0,21.0,2020-02-03,上海市,1.0,10.0,203.0
10290,0.0,0.0,13.0,2020-02-02,上海市,1.0,10.0,182.0
10692,0.0,1.0,34.0,2020-02-01,上海市,1.0,10.0,169.0
11087,0.0,-2.0,23.0,2020-01-31,上海市,1.0,9.0,135.0
11473,0.0,6.0,16.0,2020-01-30,上海市,1.0,11.0,112.0
11831,0.0,1.0,30.0,2020-01-29,上海市,1.0,5.0,96.0
12183,0.0,1.0,13.0,2020-01-28,上海市,1.0,4.0,66.0
12513,1.0,3.0,53.0,2020-01-27,上海市,1.0,3.0,53.0
0,0.0,0.0,0.0,2020-01-26,上海市,0.0,0.0,0.0
0,0.0,0.0,0.0,2020-01-25,上海市,0.0,0.0,0.0
0,0.0,0.0,0.0,2020-01-24,上海市,0.0,0.0,0.0
322,0.0,6.0,0.0,2020-02-26,山西省,0.0,102.0,133.0
692,0.0,5.0,1.0,2020-02-25,山西省,0.0,96.0,133.0
1093,0.0,2.0,0.0,2020-02-24,山西省,0.0,91.0,132.0
1508,0.0,10.0,0.0,2020-02-23,山西省,0.0,89.0,132.0
1937,0.0,3.0,0.0,2020-02-22,山西省,0.0,79.0,132.0
2347,0.0,3.0,1.0,2020-02-21,山西省,0.0,76.0,132.0
2772,0.0,10.0,0.0,2020-02-20,山西省,0.0,73.0,131.0
3197,0.0,3.0,1.0,2020-02-19,山西省,0.0,63.0,131.0
3625,0.0,9.0,1.0,2020-02-18,山西省,0.0,60.0,130.0
4052,0.0,2.0,1.0,2020-02-17,山西省,0.0,51.0,129.0
4474,0.0,7.0,1.0,2020-02-16,山西省,0.0,49.0,128.0
4891,0.0,4.0,1.0,2020-02-15,山西省,0.0,42.0,127.0
5315,0.0,5.0,0.0,2020-02-14,山西省,0.0,38.0,126.0
5727,0.0,0.0,2.0,2020-02-13,山西省,0.0,33.0,126.0
6153,0.0,3.0,2.0,2020-02-12,山西省,0.0,33.0,124.0
6568,0.0,5.0,3.0,2020-02-11,山西省,0.0,30.0,122.0
6993,0.0,3.0,4.0,2020-02-10,山西省,0.0,25.0,119.0
7412,0.0,2.0,11.0,2020-02-09,山西省,0.0,22.0,115.0
7841,0.0,5.0,8.0,2020-02-08,山西省,0.0,20.0,104.0
8262,0.0,3.0,6.0,2020-02-07,山西省,0.0,15.0,96.0
8683,0.0,7.0,9.0,2020-02-06,山西省,0.0,12.0,90.0
9098,0.0,1.0,7.0,2020-02-05,山西省,0.0,5.0,81.0
9496,0.0,1.0,8.0,2020-02-04,山西省,0.0,4.0,74.0
9906,0.0,1.0,10.0,2020-02-03,山西省,0.0,3.0,66.0
10308,0.0,1.0,9.0,2020-02-02,山西省,0.0,2.0,56.0
10709,0.0,0.0,8.0,2020-02-01,山西省,0.0,1.0,47.0
11106,0.0,0.0,4.0,2020-01-31,山西省,0.0,1.0,39.0
11488,0.0,0.0,8.0,2020-01-30,山西省,0.0,1.0,35.0
11845,0.0,1.0,7.0,2020-01-29,山西省,0.0,1.0,27.0
12195,0.0,0.0,7.0,2020-01-28,山西省,0.0,0.0,20.0
12525,0.0,0.0,4.0,2020-01-27,山西省,0.0,0.0,13.0
12795,0.0,0.0,3.0,2020-01-26,山西省,0.0,0.0,9.0
13014,0.0,0.0,5.0,2020-01-25,山西省,0.0,0.0,6.0
13176,0.0,0.0,1.0,2020-01-24,山西省,0.0,0.0,1.0
333,0.0,4.0,0.0,2020-02-26,宁夏回族自治区,0.0,65.0,71.0
703,0.0,3.0,0.0,2020-02-25,宁夏回族自治区,0.0,61.0,71.0
1104,0.0,2.0,0.0,2020-02-24,宁夏回族自治区,0.0,58.0,71.0
1519,0.0,56.0,71.0,2020-02-23,宁夏回族自治区,0.0,56.0,71.0
0,0.0,0.0,0.0,2020-02-22,宁夏回族自治区,0.0,0.0,0.0
2358,0.0,4.0,0.0,2020-02-21,宁夏回族自治区,0.0,48.0,71.0
2783,0.0,2.0,0.0,2020-02-20,宁夏回族自治区,0.0,44.0,71.0
3208,0.0,0.0,1.0,2020-02-19,宁夏回族自治区,0.0,42.0,71.0
3636,0.0,7.0,0.0,2020-02-18,宁夏回族自治区,0.0,42.0,70.0
4063,0.0,35.0,70.0,2020-02-17,宁夏回族自治区,0.0,35.0,70.0
0,0.0,0.0,0.0,2020-02-16,宁夏回族自治区,0.0,0.0,0.0
4902,0.0,9.0,3.0,2020-02-15,宁夏回族自治区,0.0,33.0,70.0
5326,0.0,0.0,3.0,2020-02-14,宁夏回族自治区,0.0,24.0,67.0
5738,0.0,0.0,6.0,2020-02-13,宁夏回族自治区,0.0,24.0,64.0
6164,0.0,2.0,5.0,2020-02-12,宁夏回族自治区,0.0,24.0,58.0
6579,0.0,9.0,4.0,2020-02-11,宁夏回族自治区,0.0,22.0,53.0
7004,0.0,0.0,4.0,2020-02-10,宁夏回族自治区,0.0,13.0,49.0
7423,0.0,-2.0,0.0,2020-02-09,宁夏回族自治区,0.0,13.0,45.0
7852,0.0,10.0,2.0,2020-02-08,宁夏回族自治区,0.0,15.0,45.0
8273,0.0,4.0,3.0,2020-02-07,宁夏回族自治区,0.0,5.0,43.0
8694,0.0,1.0,40.0,2020-02-06,宁夏回族自治区,0.0,1.0,40.0
0,0.0,0.0,0.0,2020-02-05,宁夏回族自治区,0.0,0.0,0.0
9507,0.0,0.0,3.0,2020-02-04,宁夏回族自治区,0.0,1.0,34.0
9917,0.0,1.0,3.0,2020-02-03,宁夏回族自治区,0.0,1.0,31.0
10319,0.0,0.0,2.0,2020-02-02,宁夏回族自治区,0.0,0.0,28.0
10720,0.0,0.0,5.0,2020-02-01,宁夏回族自治区,0.0,0.0,26.0
11115,0.0,0.0,4.0,2020-01-31,宁夏回族自治区,0.0,0.0,21.0
11497,0.0,0.0,5.0,2020-01-30,宁夏回族自治区,0.0,0.0,17.0
11856,0.0,0.0,1.0,2020-01-29,宁夏回族自治区,0.0,0.0,12.0
12204,0.0,0.0,4.0,2020-01-28,宁夏回族自治区,0.0,0.0,11.0
12534,0.0,0.0,3.0,2020-01-27,宁夏回族自治区,0.0,0.0,7.0
12801,0.0,0.0,1.0,2020-01-26,宁夏回族自治区,0.0,0.0,4.0
13018,0.0,0.0,1.0,2020-01-25,宁夏回族自治区,0.0,0.0,3.0
13177,0.0,0.0,2.0,2020-01-24,宁夏回族自治区,0.0,0.0,2.0
339,0.0,36.0,0.0,2020-02-26,江西省,1.0,719.0,934.0
709,0.0,38.0,0.0,2020-02-25,江西省,1.0,683.0,934.0
1110,0.0,32.0,0.0,2020-02-24,江西省,1.0,645.0,934.0
1525,0.0,58.0,0.0,2020-02-23,江西省,1.0,613.0,934.0
1948,0.0,66.0,0.0,2020-02-22,江西省,1.0,555.0,934.0
2364,0.0,56.0,0.0,2020-02-21,江西省,1.0,489.0,934.0
2789,0.0,71.0,0.0,2020-02-20,江西省,1.0,433.0,934.0
3214,0.0,52.0,1.0,2020-02-19,江西省,1.0,362.0,934.0
3642,0.0,35.0,3.0,2020-02-18,江西省,1.0,310.0,933.0
4069,0.0,35.0,5.0,2020-02-17,江西省,1.0,275.0,930.0
4485,0.0,30.0,12.0,2020-02-16,江西省,1.0,240.0,925.0
4908,0.0,23.0,13.0,2020-02-15,江西省,1.0,210.0,913.0
5332,0.0,17.0,28.0,2020-02-14,江西省,1.0,187.0,900.0
5744,0.0,18.0,28.0,2020-02-13,江西省,1.0,170.0,872.0
6170,0.0,24.0,40.0,2020-02-12,江西省,1.0,152.0,844.0
6585,0.0,23.0,33.0,2020-02-11,江西省,1.0,128.0,804.0
7010,1.0,31.0,31.0,2020-02-10,江西省,1.0,105.0,771.0
7429,0.0,19.0,42.0,2020-02-09,江西省,0.0,74.0,740.0
7859,0.0,10.0,37.0,2020-02-08,江西省,0.0,55.0,698.0
8279,0.0,8.0,61.0,2020-02-07,江西省,0.0,45.0,661.0
8700,0.0,10.0,52.0,2020-02-06,江西省,0.0,37.0,600.0
9109,0.0,7.0,72.0,2020-02-05,江西省,0.0,27.0,548.0
9513,0.0,2.0,85.0,2020-02-04,江西省,0.0,20.0,476.0
9922,0.0,6.0,58.0,2020-02-03,江西省,0.0,18.0,391.0
10324,0.0,3.0,47.0,2020-02-02,江西省,0.0,12.0,333.0
10725,0.0,2.0,46.0,2020-02-01,江西省,0.0,9.0,286.0
11120,0.0,2.0,78.0,2020-01-31,江西省,0.0,7.0,240.0
11503,0.0,2.0,53.0,2020-01-30,江西省,0.0,5.0,162.0
11860,0.0,0.0,37.0,2020-01-29,江西省,0.0,3.0,109.0
12208,0.0,2.0,24.0,2020-01-28,江西省,0.0,3.0,72.0
12537,0.0,1.0,12.0,2020-01-27,江西省,0.0,1.0,48.0
12804,0.0,0.0,18.0,2020-01-26,江西省,0.0,0.0,36.0
13021,0.0,0.0,11.0,2020-01-25,江西省,0.0,0.0,18.0
13179,0.0,0.0,7.0,2020-01-24,江西省,0.0,0.0,7.0
351,0.0,20.0,0.0,2020-02-26,北京市,4.0,235.0,400.0
721,0.0,17.0,1.0,2020-02-25,北京市,4.0,215.0,400.0
1122,0.0,9.0,0.0,2020-02-24,北京市,4.0,198.0,399.0
1537,0.0,11.0,0.0,2020-02-23,北京市,4.0,189.0,399.0
1961,0.0,9.0,3.0,2020-02-22,北京市,4.0,178.0,399.0
2376,0.0,16.0,1.0,2020-02-21,北京市,4.0,169.0,396.0
2801,0.0,6.0,2.0,2020-02-20,北京市,4.0,153.0,395.0
3226,0.0,25.0,6.0,2020-02-19,北京市,4.0,147.0,393.0
3654,0.0,8.0,6.0,2020-02-18,北京市,4.0,122.0,387.0
4081,0.0,6.0,1.0,2020-02-17,北京市,4.0,114.0,381.0
4497,0.0,10.0,5.0,2020-02-16,北京市,4.0,108.0,380.0
4920,1.0,18.0,3.0,2020-02-15,北京市,4.0,98.0,375.0
5344,0.0,11.0,6.0,2020-02-14,北京市,3.0,80.0,372.0
5756,0.0,13.0,14.0,2020-02-13,北京市,3.0,69.0,366.0
6182,0.0,8.0,10.0,2020-02-12,北京市,3.0,56.0,352.0
6597,1.0,4.0,5.0,2020-02-11,北京市,3.0,48.0,342.0
7022,0.0,7.0,11.0,2020-02-10,北京市,2.0,44.0,337.0
7440,0.0,3.0,11.0,2020-02-09,北京市,2.0,37.0,326.0
7870,1.0,1.0,18.0,2020-02-08,北京市,2.0,34.0,315.0
8290,0.0,2.0,23.0,2020-02-07,北京市,1.0,33.0,297.0
8711,0.0,7.0,21.0,2020-02-06,北京市,1.0,31.0,274.0
9120,0.0,1.0,25.0,2020-02-05,北京市,1.0,24.0,253.0
9524,0.0,11.0,16.0,2020-02-04,北京市,1.0,23.0,228.0
9933,0.0,3.0,21.0,2020-02-03,北京市,1.0,12.0,212.0
10335,0.0,0.0,23.0,2020-02-02,北京市,1.0,9.0,191.0
10736,0.0,4.0,29.0,2020-02-01,北京市,1.0,9.0,168.0
11131,0.0,1.0,25.0,2020-01-31,北京市,1.0,5.0,139.0
11514,0.0,0.0,3.0,2020-01-30,北京市,1.0,4.0,114.0
11871,0.0,0.0,20.0,2020-01-29,北京市,1.0,4.0,111.0
12219,0.0,2.0,11.0,2020-01-28,北京市,1.0,4.0,91.0
12547,1.0,0.0,12.0,2020-01-27,北京市,1.0,2.0,80.0
12814,0.0,-1.0,27.0,2020-01-26,北京市,0.0,2.0,68.0
13031,0.0,2.0,5.0,2020-01-25,北京市,0.0,3.0,41.0
13185,0.0,1.0,36.0,2020-01-24,北京市,0.0,1.0,36.0
368,0.0,5.0,0.0,2020-02-26,辽宁省,1.0,88.0,121.0
738,0.0,3.0,0.0,2020-02-25,辽宁省,1.0,83.0,121.0
1139,0.0,-1.0,0.0,2020-02-24,辽宁省,1.0,80.0,121.0
1554,0.0,15.0,0.0,2020-02-23,辽宁省,1.0,81.0,121.0
1978,0.0,5.0,0.0,2020-02-22,辽宁省,1.0,66.0,121.0
2393,0.0,2.0,0.0,2020-02-21,辽宁省,1.0,61.0,121.0
2818,0.0,4.0,0.0,2020-02-20,辽宁省,1.0,59.0,121.0
3243,0.0,2.0,0.0,2020-02-19,辽宁省,1.0,55.0,121.0
3671,0.0,10.0,0.0,2020-02-18,辽宁省,1.0,53.0,121.0
4098,0.0,3.0,0.0,2020-02-17,辽宁省,1.0,43.0,121.0
4514,0.0,9.0,2.0,2020-02-16,辽宁省,1.0,40.0,121.0
4937,0.0,2.0,0.0,2020-02-15,辽宁省,1.0,31.0,119.0
5361,0.0,7.0,2.0,2020-02-14,辽宁省,1.0,29.0,119.0
5773,0.0,2.0,1.0,2020-02-13,辽宁省,1.0,22.0,117.0
6199,1.0,1.0,5.0,2020-02-12,辽宁省,1.0,20.0,116.0
6614,0.0,6.0,3.0,2020-02-11,辽宁省,0.0,19.0,111.0
7039,0.0,1.0,1.0,2020-02-10,辽宁省,0.0,13.0,108.0
7457,0.0,4.0,2.0,2020-02-09,辽宁省,0.0,12.0,107.0
7887,0.0,1.0,6.0,2020-02-08,辽宁省,0.0,8.0,105.0
8306,0.0,2.0,5.0,2020-02-07,辽宁省,0.0,7.0,99.0
8728,0.0,1.0,5.0,2020-02-06,辽宁省,0.0,5.0,94.0
9136,0.0,2.0,8.0,2020-02-05,辽宁省,0.0,4.0,89.0
9540,0.0,1.0,7.0,2020-02-04,辽宁省,0.0,2.0,81.0
9949,0.0,0.0,4.0,2020-02-03,辽宁省,0.0,1.0,74.0
10350,0.0,0.0,6.0,2020-02-02,辽宁省,0.0,1.0,70.0
10750,0.0,0.0,16.0,2020-02-01,辽宁省,0.0,1.0,64.0
11156,0.0,0.0,7.0,2020-01-31,辽宁省,0.0,1.0,48.0
11526,0.0,0.0,2.0,2020-01-30,辽宁省,0.0,1.0,41.0
11883,0.0,1.0,5.0,2020-01-29,辽宁省,0.0,1.0,39.0
12230,0.0,0.0,7.0,2020-01-28,辽宁省,0.0,0.0,34.0
12558,0.0,0.0,6.0,2020-01-27,辽宁省,0.0,0.0,27.0
12825,0.0,0.0,5.0,2020-01-26,辽宁省,0.0,0.0,21.0
13041,0.0,0.0,12.0,2020-01-25,辽宁省,0.0,0.0,16.0
13197,0.0,0.0,4.0,2020-01-24,辽宁省,0.0,0.0,4.0
0,0.0,0.0,0.0,2020-02-26,吉林省,0.0,0.0,0.0
751,0.0,3.0,0.0,2020-02-25,吉林省,1.0,63.0,93.0
1152,0.0,6.0,2.0,2020-02-24,吉林省,1.0,60.0,93.0
1567,0.0,2.0,0.0,2020-02-23,吉林省,1.0,54.0,91.0
1991,0.0,7.0,0.0,2020-02-22,吉林省,1.0,52.0,91.0
2406,0.0,2.0,0.0,2020-02-21,吉林省,1.0,45.0,91.0
2831,0.0,6.0,1.0,2020-02-20,吉林省,1.0,43.0,91.0
3256,0.0,1.0,1.0,2020-02-19,吉林省,1.0,37.0,90.0
3684,0.0,2.0,0.0,2020-02-18,吉林省,1.0,36.0,89.0
4111,0.0,4.0,0.0,2020-02-17,吉林省,1.0,34.0,89.0
4527,0.0,4.0,1.0,2020-02-16,吉林省,1.0,30.0,89.0
4950,0.0,1.0,2.0,2020-02-15,吉林省,1.0,26.0,88.0
5374,0.0,1.0,2.0,2020-02-14,吉林省,1.0,25.0,86.0
5786,0.0,2.0,1.0,2020-02-13,吉林省,1.0,24.0,84.0
6213,0.0,4.0,2.0,2020-02-12,吉林省,1.0,22.0,83.0
6628,0.0,5.0,1.0,2020-02-11,吉林省,1.0,18.0,81.0
7052,0.0,1.0,2.0,2020-02-10,吉林省,1.0,13.0,80.0
7470,0.0,8.0,9.0,2020-02-09,吉林省,1.0,12.0,78.0
7900,0.0,0.0,4.0,2020-02-08,吉林省,1.0,4.0,69.0
8319,1.0,0.0,6.0,2020-02-07,吉林省,1.0,4.0,65.0
8741,0.0,1.0,5.0,2020-02-06,吉林省,0.0,4.0,59.0
9149,0.0,2.0,12.0,2020-02-05,吉林省,0.0,3.0,54.0
9553,0.0,0.0,11.0,2020-02-04,吉林省,0.0,1.0,42.0
9962,0.0,-6.0,8.0,2020-02-03,吉林省,0.0,1.0,31.0
10363,0.0,6.0,6.0,2020-02-02,吉林省,0.0,7.0,23.0
10763,0.0,0.0,3.0,2020-02-01,吉林省,0.0,1.0,17.0
11167,0.0,0.0,0.0,2020-01-31,吉林省,0.0,1.0,14.0
11537,0.0,1.0,5.0,2020-01-30,吉林省,0.0,1.0,14.0
11894,0.0,0.0,1.0,2020-01-29,吉林省,0.0,0.0,9.0
12241,0.0,0.0,2.0,2020-01-28,吉林省,0.0,0.0,8.0
12567,0.0,0.0,6.0,2020-01-27,吉林省,0.0,0.0,6.0
0,0.0,0.0,0.0,2020-01-26,吉林省,0.0,0.0,0.0
13047,0.0,0.0,1.0,2020-01-25,吉林省,0.0,0.0,4.0
13200,0.0,0.0,3.0,2020-01-24,吉林省,0.0,0.0,3.0
0,0.0,0.0,0.0,2020-02-26,贵州省,0.0,0.0,0.0
761,2.0,104.0,146.0,2020-02-25,贵州省,2.0,104.0,146.0
0,0.0,0.0,0.0,2020-02-24,贵州省,0.0,0.0,0.0
1577,0.0,12.0,0.0,2020-02-23,贵州省,2.0,102.0,146.0
2001,0.0,13.0,0.0,2020-02-22,贵州省,2.0,90.0,146.0
2416,0.0,5.0,0.0,2020-02-21,贵州省,2.0,77.0,146.0
2841,0.0,2.0,0.0,2020-02-20,贵州省,2.0,72.0,146.0
3266,0.0,4.0,0.0,2020-02-19,贵州省,2.0,70.0,146.0
3694,1.0,4.0,0.0,2020-02-18,贵州省,2.0,66.0,146.0
4121,0.0,16.0,2.0,2020-02-17,贵州省,1.0,62.0,146.0
4537,0.0,5.0,1.0,2020-02-16,贵州省,1.0,46.0,144.0
4960,0.0,13.0,3.0,2020-02-15,贵州省,1.0,41.0,143.0
5384,0.0,1.0,5.0,2020-02-14,贵州省,1.0,28.0,140.0
5796,0.0,9.0,2.0,2020-02-13,贵州省,1.0,27.0,135.0
6223,0.0,1.0,6.0,2020-02-12,贵州省,1.0,18.0,133.0
6638,0.0,7.0,18.0,2020-02-11,贵州省,1.0,17.0,127.0
7062,0.0,3.0,10.0,2020-02-10,贵州省,1.0,10.0,109.0
7480,0.0,0.0,10.0,2020-02-09,贵州省,1.0,7.0,99.0
7909,0.0,1.0,8.0,2020-02-08,贵州省,1.0,7.0,89.0
8327,0.0,0.0,10.0,2020-02-07,贵州省,1.0,6.0,81.0
8749,0.0,-3.0,7.0,2020-02-06,贵州省,1.0,6.0,71.0
9157,1.0,7.0,6.0,2020-02-05,贵州省,1.0,9.0,64.0
9562,0.0,0.0,12.0,2020-02-04,贵州省,0.0,2.0,58.0
9969,0.0,0.0,8.0,2020-02-03,贵州省,0.0,2.0,46.0
10370,0.0,2.0,38.0,2020-02-02,贵州省,0.0,2.0,38.0
0,0.0,0.0,0.0,2020-02-01,贵州省,0.0,0.0,0.0
11174,0.0,1.0,17.0,2020-01-31,贵州省,0.0,2.0,29.0
11544,0.0,0.0,3.0,2020-01-30,贵州省,0.0,1.0,12.0
11900,0.0,1.0,0.0,2020-01-29,贵州省,0.0,1.0,9.0
12246,0.0,0.0,2.0,2020-01-28,贵州省,0.0,0.0,9.0
12571,0.0,0.0,2.0,2020-01-27,贵州省,0.0,0.0,7.0
12834,0.0,0.0,1.0,2020-01-26,贵州省,0.0,0.0,5.0
13050,0.0,0.0,1.0,2020-01-25,贵州省,0.0,0.0,4.0
13203,0.0,0.0,3.0,2020-01-24,贵州省,0.0,0.0,3.0
0,0.0,0.0,0.0,2020-02-26,甘肃省,0.0,0.0,0.0
0,0.0,0.0,0.0,2020-02-25,甘肃省,0.0,0.0,0.0
1162,0.0,2.0,0.0,2020-02-24,甘肃省,2.0,80.0,91.0
1587,2.0,78.0,91.0,2020-02-23,甘肃省,2.0,78.0,91.0
0,0.0,0.0,0.0,2020-02-22,甘肃省,0.0,0.0,0.0
2425,0.0,5.0,0.0,2020-02-21,甘肃省,2.0,76.0,91.0
2850,0.0,6.0,0.0,2020-02-20,甘肃省,2.0,71.0,91.0
3275,0.0,3.0,0.0,2020-02-19,甘肃省,2.0,65.0,91.0
3703,0.0,4.0,0.0,2020-02-18,甘肃省,2.0,62.0,91.0
4130,0.0,4.0,1.0,2020-02-17,甘肃省,2.0,58.0,91.0
4546,0.0,5.0,0.0,2020-02-16,甘肃省,2.0,54.0,90.0
4969,2.0,49.0,90.0,2020-02-15,甘肃省,2.0,49.0,90.0
0,0.0,0.0,0.0,2020-02-14,甘肃省,0.0,0.0,0.0
5805,0.0,5.0,4.0,2020-02-13,甘肃省,2.0,39.0,90.0
6232,0.0,10.0,0.0,2020-02-12,甘肃省,2.0,34.0,86.0
6648,0.0,7.0,3.0,2020-02-11,甘肃省,2.0,24.0,86.0
7071,1.0,2.0,4.0,2020-02-10,甘肃省,2.0,17.0,83.0
7489,0.0,3.0,0.0,2020-02-09,甘肃省,1.0,15.0,79.0
7918,1.0,3.0,12.0,2020-02-08,甘肃省,1.0,12.0,79.0
8336,0.0,3.0,5.0,2020-02-07,甘肃省,0.0,9.0,67.0
8758,0.0,0.0,5.0,2020-02-06,甘肃省,0.0,6.0,62.0
9166,0.0,2.0,0.0,2020-02-05,甘肃省,0.0,6.0,57.0
9571,0.0,1.0,6.0,2020-02-04,甘肃省,0.0,4.0,57.0
9978,0.0,0.0,11.0,2020-02-03,甘肃省,0.0,3.0,51.0
10379,0.0,3.0,0.0,2020-02-02,甘肃省,0.0,3.0,40.0
10771,0.0,0.0,11.0,2020-02-01,甘肃省,0.0,0.0,40.0
11182,0.0,0.0,3.0,2020-01-31,甘肃省,0.0,0.0,29.0
11552,0.0,0.0,2.0,2020-01-30,甘肃省,0.0,0.0,26.0
11905,0.0,0.0,5.0,2020-01-29,甘肃省,0.0,0.0,24.0
12251,0.0,0.0,5.0,2020-01-28,甘肃省,0.0,0.0,19.0
12576,0.0,0.0,7.0,2020-01-27,甘肃省,0.0,0.0,14.0
12838,0.0,0.0,3.0,2020-01-26,甘肃省,0.0,0.0,7.0
13053,0.0,0.0,2.0,2020-01-25,甘肃省,0.0,0.0,4.0
13206,0.0,0.0,2.0,2020-01-24,甘肃省,0.0,0.0,2.0
0,0.0,0.0,0.0,2020-02-26,新疆维吾尔自治区,0.0,0.0,0.0
0,0.0,0.0,0.0,2020-02-25,新疆维吾尔自治区,0.0,0.0,0.0
1173,0.0,2.0,0.0,2020-02-24,新疆维吾尔自治区,2.0,30.0,76.0
1598,0.0,3.0,0.0,2020-02-23,新疆维吾尔自治区,2.0,28.0,76.0
2010,1.0,1.0,0.0,2020-02-22,新疆维吾尔自治区,2.0,25.0,76.0
2437,0.0,2.0,0.0,2020-02-21,新疆维吾尔自治区,1.0,24.0,76.0
2862,0.0,2.0,0.0,2020-02-20,新疆维吾尔自治区,1.0,22.0,76.0
3287,0.0,8.0,0.0,2020-02-19,新疆维吾尔自治区,1.0,20.0,76.0
3715,0.0,0.0,1.0,2020-02-18,新疆维吾尔自治区,1.0,12.0,76.0
4142,0.0,0.0,4.0,2020-02-17,新疆维吾尔自治区,1.0,12.0,75.0
4557,0.0,2.0,1.0,2020-02-16,新疆维吾尔自治区,1.0,12.0,71.0
4981,0.0,4.0,5.0,2020-02-15,新疆维吾尔自治区,1.0,10.0,70.0
5393,0.0,0.0,2.0,2020-02-14,新疆维吾尔自治区,1.0,6.0,65.0
5817,1.0,3.0,4.0,2020-02-13,新疆维吾尔自治区,1.0,6.0,63.0
6244,0.0,0.0,4.0,2020-02-12,新疆维吾尔自治区,0.0,3.0,59.0
6660,0.0,3.0,6.0,2020-02-11,新疆维吾尔自治区,0.0,3.0,55.0
7082,0.0,0.0,4.0,2020-02-10,新疆维吾尔自治区,0.0,0.0,49.0
7501,0.0,0.0,3.0,2020-02-09,新疆维吾尔自治区,0.0,0.0,45.0
7930,0.0,0.0,3.0,2020-02-08,新疆维吾尔自治区,0.0,0.0,42.0
8347,0.0,0.0,3.0,2020-02-07,新疆维吾尔自治区,0.0,0.0,39.0
8769,0.0,0.0,4.0,2020-02-06,新疆维吾尔自治区,0.0,0.0,36.0
9177,0.0,0.0,3.0,2020-02-05,新疆维吾尔自治区,0.0,0.0,32.0
9582,0.0,0.0,5.0,2020-02-04,新疆维吾尔自治区,0.0,0.0,29.0
9989,0.0,0.0,3.0,2020-02-03,新疆维吾尔自治区,0.0,0.0,24.0
10389,0.0,0.0,3.0,2020-02-02,新疆维吾尔自治区,0.0,0.0,21.0
10785,0.0,0.0,1.0,2020-02-01,新疆维吾尔自治区,0.0,0.0,18.0
11195,0.0,0.0,3.0,2020-01-31,新疆维吾尔自治区,0.0,0.0,17.0
11561,0.0,0.0,1.0,2020-01-30,新疆维吾尔自治区,0.0,0.0,14.0
11914,0.0,0.0,3.0,2020-01-29,新疆维吾尔自治区,0.0,0.0,13.0
12262,0.0,0.0,5.0,2020-01-28,新疆维吾尔自治区,0.0,0.0,10.0
12582,0.0,0.0,1.0,2020-01-27,新疆维吾尔自治区,0.0,0.0,5.0
12842,0.0,0.0,1.0,2020-01-26,新疆维吾尔自治区,0.0,0.0,4.0
13057,0.0,0.0,3.0,2020-01-25,新疆维吾尔自治区,0.0,0.0,3.0
0,0.0,0.0,0.0,2020-01-24,新疆维吾尔自治区,0.0,0.0,0.0
0,0.0,0.0,0.0,2020-02-26,青海省,0.0,0.0,0.0
0,0.0,0.0,0.0,2020-02-25,青海省,0.0,0.0,0.0
0,0.0,0.0,0.0,2020-02-24,青海省,0.0,0.0,0.0
1610,0.0,18.0,18.0,2020-02-23,青海省,0.0,18.0,18.0
0,0.0,0.0,0.0,2020-02-22,青海省,0.0,0.0,0.0
2449,0.0,18.0,18.0,2020-02-21,青海省,0.0,18.0,18.0
0,0.0,0.0,0.0,2020-02-20,青海省,0.0,0.0,0.0
3299,0.0,1.0,0.0,2020-02-19,青海省,0.0,16.0,18.0
3727,0.0,15.0,18.0,2020-02-18,青海省,0.0,15.0,18.0
0,0.0,0.0,0.0,2020-02-17,青海省,0.0,0.0,0.0
0,0.0,0.0,0.0,2020-02-16,青海省,0.0,0.0,0.0
4993,0.0,13.0,18.0,2020-02-15,青海省,0.0,13.0,18.0
0,0.0,0.0,0.0,2020-02-14,青海省,0.0,0.0,0.0
5829,0.0,2.0,0.0,2020-02-13,青海省,0.0,11.0,18.0
6256,0.0,4.0,0.0,2020-02-12,青海省,0.0,9.0,18.0
6672,0.0,5.0,18.0,2020-02-11,青海省,0.0,5.0,18.0
0,0.0,0.0,0.0,2020-02-10,青海省,0.0,0.0,0.0
0,0.0,0.0,0.0,2020-02-09,青海省,0.0,0.0,0.0
0,0.0,0.0,0.0,2020-02-08,青海省,0.0,0.0,0.0
0,0.0,0.0,0.0,2020-02-07,青海省,0.0,0.0,0.0
8783,0.0,0.0,1.0,2020-02-06,青海省,0.0,3.0,18.0
9186,0.0,3.0,2.0,2020-02-05,青海省,0.0,3.0,17.0
9591,0.0,0.0,2.0,2020-02-04,青海省,0.0,0.0,15.0
9996,0.0,0.0,2.0,2020-02-03,青海省,0.0,0.0,13.0
10396,0.0,0.0,2.0,2020-02-02,青海省,0.0,0.0,11.0
10792,0.0,0.0,1.0,2020-02-01,青海省,0.0,0.0,9.0
11203,0.0,0.0,0.0,2020-01-31,青海省,0.0,0.0,8.0
11566,0.0,0.0,8.0,2020-01-30,青海省,0.0,0.0,8.0
0,0.0,0.0,0.0,2020-01-29,青海省,0.0,0.0,0.0
0,0.0,0.0,0.0,2020-01-28,青海省,0.0,0.0,0.0
12584,0.0,0.0,6.0,2020-01-27,青海省,0.0,0.0,6.0
0,0.0,0.0,0.0,2020-01-26,青海省,0.0,0.0,0.0
13058,0.0,0.0,1.0,2020-01-25,青海省,0.0,0.0,1.0
0,0.0,0.0,0.0,2020-01-24,青海省,0.0,0.0,0.0
0,0.0,0.0,0.0,2020-02-26,西藏自治区,0.0,0.0,0.0
0,0.0,0.0,0.0,2020-02-25,西藏自治区,0.0,0.0,0.0
0,0.0,0.0,0.0,2020-02-24,西藏自治区,0.0,0.0,0.0
1612,0.0,1.0,1.0,2020-02-23,西藏自治区,0.0,1.0,1.0
0,0.0,0.0,0.0,2020-02-22,西藏自治区,0.0,0.0,0.0
0,0.0,0.0,0.0,2020-02-21,西藏自治区,0.0,0.0,0.0
0,0.0,0.0,0.0,2020-02-20,西藏自治区,0.0,0.0,0.0
0,0.0,0.0,0.0,2020-02-19,西藏自治区,0.0,0.0,0.0
0,0.0,0.0,0.0,2020-02-18,西藏自治区,0.0,0.0,0.0
0,0.0,0.0,0.0,2020-02-17,西藏自治区,0.0,0.0,0.0
0,0.0,0.0,0.0,2020-02-16,西藏自治区,0.0,0.0,0.0
0,0.0,0.0,0.0,2020-02-15,西藏自治区,0.0,0.0,0.0
0,0.0,0.0,0.0,2020-02-14,西藏自治区,0.0,0.0,0.0
5831,0.0,0.0,0.0,2020-02-13,西藏自治区,0.0,1.0,1.0
6258,0.0,1.0,1.0,2020-02-12,西藏自治区,0.0,1.0,1.0
0,0.0,0.0,0.0,2020-02-11,西藏自治区,0.0,0.0,0.0
0,0.0,0.0,0.0,2020-02-10,西藏自治区,0.0,0.0,0.0
0,0.0,0.0,0.0,2020-02-09,西藏自治区,0.0,0.0,0.0
0,0.0,0.0,0.0,2020-02-08,西藏自治区,0.0,0.0,0.0
0,0.0,0.0,0.0,2020-02-07,西藏自治区,0.0,0.0,0.0
0,0.0,0.0,0.0,2020-02-06,西藏自治区,0.0,0.0,0.0
0,0.0,0.0,0.0,2020-02-05,西藏自治区,0.0,0.0,0.0
9593,0.0,0.0,1.0,2020-02-04,西藏自治区,0.0,0.0,1.0
0,0.0,0.0,0.0,2020-02-03,西藏自治区,0.0,0.0,0.0
10398,0.0,0.0,1.0,2020-02-02,西藏自治区,0.0,0.0,1.0
0,0.0,0.0,0.0,2020-02-01,西藏自治区,0.0,0.0,0.0
0,0.0,0.0,0.0,2020-01-31,西藏自治区,0.0,0.0,0.0
0,0.0,0.0,0.0,2020-01-30,西藏自治区,0.0,0.0,0.0
0,0.0,0.0,0.0,2020-01-29,西藏自治区,0.0,0.0,0.0
0,0.0,0.0,0.0,2020-01-28,西藏自治区,0.0,0.0,0.0
0,0.0,0.0,0.0,2020-01-27,西藏自治区,0.0,0.0,0.0
0,0.0,0.0,0.0,2020-01-26,西藏自治区,0.0,0.0,0.0
0,0.0,0.0,0.0,2020-01-25,西藏自治区,0.0,0.0,0.0
0,0.0,0.0,0.0,2020-01-24,西藏自治区,0.0,0.0,0.0
0,0.0,0.0,0.0,2020-02-26,澳门,0.0,0.0,0.0
0,0.0,0.0,0.0,2020-02-25,澳门,0.0,0.0,0.0
0,0.0,0.0,0.0,2020-02-24,澳门,0.0,0.0,0.0
0,0.0,0.0,0.0,2020-02-23,澳门,0.0,0.0,0.0
0,0.0,0.0,0.0,2020-02-22,澳门,0.0,0.0,0.0
0,0.0,0.0,0.0,2020-02-21,澳门,0.0,0.0,0.0
0,0.0,0.0,0.0,2020-02-20,澳门,0.0,0.0,0.0
0,0.0,0.0,0.0,2020-02-19,澳门,0.0,0.0,0.0
0,0.0,0.0,0.0,2020-02-18,澳门,0.0,0.0,0.0
0,0.0,0.0,0.0,2020-02-17,澳门,0.0,0.0,0.0
0,0.0,0.0,0.0,2020-02-16,澳门,0.0,0.0,0.0
0,0.0,0.0,0.0,2020-02-15,澳门,0.0,0.0,0.0
0,0.0,0.0,0.0,2020-02-14,澳门,0.0,0.0,0.0
0,0.0,0.0,0.0,2020-02-13,澳门,0.0,0.0,0.0
0,0.0,0.0,0.0,2020-02-12,澳门,0.0,0.0,0.0
0,0.0,0.0,0.0,2020-02-11,澳门,0.0,0.0,0.0
0,0.0,0.0,0.0,2020-02-10,澳门,0.0,0.0,0.0
0,0.0,0.0,0.0,2020-02-09,澳门,0.0,0.0,0.0
0,0.0,0.0,0.0,2020-02-08,澳门,0.0,0.0,0.0
0,0.0,0.0,0.0,2020-02-07,澳门,0.0,0.0,0.0
0,0.0,0.0,0.0,2020-02-06,澳门,0.0,0.0,0.0
0,0.0,0.0,0.0,2020-02-05,澳门,0.0,0.0,0.0
0,0.0,0.0,0.0,2020-02-04,澳门,0.0,0.0,0.0
0,0.0,0.0,0.0,2020-02-03,澳门,0.0,0.0,0.0
0,0.0,0.0,0.0,2020-02-02,澳门,0.0,0.0,0.0
0,0.0,0.0,0.0,2020-02-01,澳门,0.0,0.0,0.0
0,0.0,0.0,0.0,2020-01-31,澳门,0.0,0.0,0.0
0,0.0,0.0,0.0,2020-01-30,澳门,0.0,0.0,0.0
0,0.0,0.0,0.0,2020-01-29,澳门,0.0,0.0,0.0
0,0.0,0.0,0.0,2020-01-28,澳门,0.0,0.0,0.0
0,0.0,0.0,0.0,2020-01-27,澳门,0.0,0.0,0.0
12844,0.0,0.0,2.0,2020-01-26,澳门,0.0,0.0,2.0
0,0.0,0.0,0.0,2020-01-25,澳门,0.0,0.0,0.0
0,0.0,0.0,0.0,2020-01-24,澳门,0.0,0.0,0.0
